C# time [ms],DC Motor PWM,Encoder Position [counts],Encoder Velocity [Hz]
514,0,0,0
527,0,0,0
541,0,0,0
559,0,0,0
621,0,0,0
623,0,0,0
647,0,0,0
653,0,0,0
678,0,0,0
684,0,0,0
699,0,0,0
714,0,0,0
743,0,0,0
745,0,0,0
761,0,0,0
781,0,0,0
813,0,0,0
821,0,0,0
851,0,0,0
852,0,0,0
878,0,0,0
899,0,0,0
903,0,0,0
929,0,0,0
935,0,0,0
946,0,0,0
961,0,0,0
997,0,0,0
1024,0,0,0
1036,0,0,0
1053,0,0,0
1057,0,0,0
1084,0,0,0
1101,0,0,0
1103,0,0,0
1125,0,0,0
1136,0,0,0
1164,0,0,0
1180,0,0,0
1200,0,0,0
1220,0,0,0
1244,0,0,0
1257,0,0,0
1273,0,0,0
1289,0,0,0
1306,0,0,0
1321,0,0,0
1341,0,0,0
1352,0,0,0
1370,0,0,0
1383,0,0,0
1400,0,0,0
1415,0,0,0
1443,0,0,0
1455,0,0,0
1465,0,0,0
1477,0,0,0
1508,0,0,0
1527,0,0,0
1550,0,0,0
1572,0,0,0
1576,0,0,0
1600,0,0,0
1605,0,0,0
1623,0,0,0
1647,0,0,0
1662,0,0,0
1685,0,0,0
1709,0,0,0
1724,0,0,0
1739,0,0,0
1753,0,0,0
1768,0,0,0
1789,0,0,0
1799,0,0,0
1814,0,0,0
1831,0,0,0
1845,0,0,0
1860,0,0,0
1876,0,0,0
1896,0,0,0
1906,0,0,0
1922,0,0,0
1936,0,0,0
1948,0,0,0
1967,0,0,0
1982,0,0,0
2000,0,0,0
2013,0,0,0
2028,0,0,0
2043,0,0,0
2059,0,0,0
2075,0,0,0
2090,0,0,0
2109,0,0,0
2121,0,0,0
2137,0,0,0
2152,0,0,0
2168,0,0,0
2183,0,0,0
2200,0,0,0
2218,0,0,0
2231,0,0,0
2246,0,0,0
2261,0,0,0
2276,0,0,0
2291,0,0,0
2307,0,0,0
2325,0,0,0
2337,0,0,0
2354,0,0,0
2369,0,0,0
2384,0,0,0
2400,0,0,0
2416,0,0,0
2436,0,0,0
2448,0,0,0
2463,0,0,0
2480,0,0,0
2494,0,0,0
2509,0,0,0
2525,0,0,0
2547,0,0,0
2556,0,0,0
2571,0,0,0
2587,0,0,0
2602,0,0,0
2617,0,0,0
2633,0,0,0
2656,0,0,0
2678,0,0,0
2694,0,0,0
2701,0,0,0
2725,0,0,0
2740,0,0,0
2756,0,0,0
2773,0,0,0
2786,0,0,0
2801,0,0,0
2817,0,0,0
2832,0,0,0
2847,0,0,0
2863,0,0,0
2881,0,0,0
2893,0,0,0
2909,0,0,0
2924,0,0,0
2939,0,0,0
2954,0,0,0
2969,0,0,0
2990,0,0,0
3001,0,0,0
3017,0,0,0
3032,0,0,0
3048,0,0,0
3063,0,0,0
3078,0,0,0
3097,0,0,0
3109,0,0,0
3125,0,0,0
3140,0,0,0
3157,0,0,0
3172,0,0,0
3181,0,0,0
3207,0,0,0
3218,0,0,0
3233,0,0,0
3249,0,0,0
3264,0,0,0
3280,0,0,0
3295,0,0,0
3317,0,0,0
3326,0,0,0
3342,0,0,0
3357,0,0,0
3372,0,0,0
3388,0,0,0
3404,0,0,0
3431,0,0,0
3435,0,0,0
3448,0,0,0
3466,0,0,0
3482,0,0,0
3497,0,0,0
3513,0,0,0
3534,0,0,0
3544,0,0,0
3559,0,0,0
3575,0,0,0
3590,0,0,0
3606,0,0,0
3621,0,0,0
3640,0,0,0
3653,0,0,0
3669,0,0,0
3685,0,0,0
3701,0,0,0
3715,0,0,0
3731,0,0,0
3751,0,0,0
3762,0,0,0
3777,0,0,0
3792,0,0,0
3808,0,0,0
3823,0,0,0
3839,0,0,0
3859,0,0,0
3870,0,0,0
3886,0,0,0
3901,0,0,0
3916,0,0,0
3931,0,0,0
3947,0,0,0
3966,0,0,0
3978,0,0,0
3993,0,0,0
4010,0,0,0
4024,0,0,0
4039,0,0,0
4054,0,0,0
4093,0,0,0
4101,0,0,0
4117,0,0,0
4133,0,0,0
4149,0,0,0
4170,0,0,0
4181,0,0,0
4198,0,0,0
4211,0,0,0
4242,0,0,0
4257,0,0,0
4273,0,0,0
4289,0,0,0
4304,0,0,0
4324,0,0,0
4334,0,0,0
4350,0,0,0
4366,0,0,0
4381,0,0,0
4396,0,0,0
4412,0,0,0
4430,0,0,0
4443,0,0,0
4458,0,0,0
4474,0,0,0
4491,0,0,0
4505,0,0,0
4521,0,0,0
4540,0,0,0
4552,0,0,0
4567,0,0,0
4582,0,0,0
4598,0,0,0
4614,0,0,0
4630,0,0,0
4635,0,0,0
4663,0,0,0
4677,0,0,0
4681,0,0,0
4709,0,0,0
4725,0,0,0
4740,0,0,0
4759,0,0,0
4766,0,0,0
4790,0,0,0
4791,0,0,0
4829,0,0,0
4834,0,0,0
4850,0,0,0
4868,0,0,0
4880,0,0,0
4895,0,0,0
4910,0,0,0
4925,0,0,0
4941,0,0,0
4957,0,0,0
4976,0,0,0
4988,0,0,0
5004,0,0,0
5027,0,0,0
5036,0,0,0
5051,0,0,0
5066,0,0,0
5085,0,0,0
5097,0,0,0
5112,0,0,0
5127,0,0,0
5143,0,0,0
5149,0,0,0
5172,0,0,0
5196,0,0,0
5197,0,0,0
5226,0,0,0
5235,0,0,0
5251,0,0,0
5267,0,0,0
5285,0,0,0
5302,0,0,0
5313,0,0,0
5329,0,0,0
5344,0,0,0
5359,0,0,0
5374,0,0,0
5391,0,0,0
5409,0,0,0
5417,0,0,0
5442,0,1,0.02092488
5453,0,1,0.02092488
5469,0,1,0.02092488
5482,0,1,0.02092488
5498,0,1,0.02092488
5527,0,1,0.02092488
5528,0,1,0.02092488
5543,0,1,0.02092488
5559,0,1,0.02092488
5574,0,1,0.02092488
5590,0,1,0.02092488
5605,0,1,0.02092488
5632,0,1,0
5635,0,1,0
5650,0,1,0
5666,0,1,0
5682,0,1,0
5696,0,1,0
5713,0,1,0
5737,0,1,0
5744,0,1,0
5760,0,1,0
5776,0,1,0
5791,0,1,0
5807,0,1,0
5828,0,1,0
5840,0,1,0
5853,0,1,0
5868,0,1,0
5883,0,1,0
5899,0,1,0
5916,0,1,0
5931,0,1,0
5949,0,1,0
5976,0,1,0
5991,0,1,0
6006,0,1,0
6024,0,1,0
6048,0,2,0.02092488
6052,0,2,0.02092488
6068,0,2,0.02092488
6083,0,2,0.02092488
6098,0,2,0.02092488
6113,0,2,0.02092488
6129,0,2,0.02092488
6144,0,2,0.02092488
6160,0,2,0.02092488
6166,0,2,0.02092488
6191,0,2,0.02092488
6207,0,2,0.02092488
6214,0,2,0.02092488
6247,0,3,0.02092488
6254,0,3,0.02092488
6269,0,3,0.02092488
6280,0,3,0.02092488
6300,0,3,0.02092488
6315,0,3,0.02092488
6332,0,3,0.02092488
6347,0,3,0.02092488
6362,0,3,0.02092488
6379,0,3,0.02092488
6400,0,3,0.02092488
6410,0,3,0.02092488
6425,0,3,0.02092488
6448,0,5,0.04184976
6456,0,5,0.04184976
6472,0,5,0.04184976
6487,0,5,0.04184976
6505,0,5,0.04184976
6517,0,5,0.04184976
6533,0,5,0.04184976
6548,0,5,0.04184976
6564,0,5,0.04184976
6579,0,5,0.04184976
6594,0,5,0.04184976
6615,0,5,0.04184976
6626,0,5,0.04184976
6647,0,8,0.06277464
6657,0,8,0.06277464
6672,0,8,0.06277464
6687,0,8,0.06277464
6703,0,8,0.06277464
6723,0,8,0.06277464
6734,0,8,0.06277464
6743,0,8,0.06277464
6765,0,8,0.06277464
6781,0,8,0.06277464
6797,0,8,0.06277464
6812,0,8,0.06277464
6837,0,11,0.06277464
6843,0,11,0.06277464
6859,0,11,0.06277464
6874,0,11,0.06277464
6890,0,11,0.06277464
6906,0,11,0.06277464
6922,0,11,0.06277464
6939,0,11,0.06277464
6951,0,11,0.06277464
6967,0,11,0.06277464
6982,0,11,0.06277464
6998,0,11,0.06277464
7013,0,11,0.06277464
7028,0,11,0.06277464
7056,0,15,0.08369952
7059,0,15,0.08369952
7075,0,15,0.08369952
7091,0,15,0.08369952
7106,0,15,0.08369952
7122,0,15,0.08369952
7138,0,15,0.08369952
7157,0,15,0.08369952
7170,0,15,0.08369952
7186,0,15,0.08369952
7202,0,15,0.08369952
7217,0,15,0.08369952
7229,0,15,0.08369952
7261,0,21,0.1255493
7271,0,21,0.1255493
7282,0,21,0.1255493
7296,0,21,0.1255493
7312,0,21,0.1255493
7327,0,21,0.1255493
7344,0,21,0.1255493
7356,0,21,0.1255493
7379,0,21,0.1255493
7390,0,21,0.1255493
7405,0,21,0.1255493
7422,0,21,0.1255493
7436,0,21,0.1255493
7465,0,27,0.1255493
7466,0,27,0.1255493
7485,0,27,0.1255493
7498,0,27,0.1255493
7513,0,27,0.1255493
7528,0,27,0.1255493
7543,0,27,0.1255493
7559,0,27,0.1255493
7572,0,27,0.1255493
7597,0,27,0.1255493
7606,0,27,0.1255493
7622,0,27,0.1255493
7638,0,27,0.1255493
7661,0,34,0.1464742
7668,0,34,0.1464742
7683,0,34,0.1464742
7705,0,34,0.1464742
7715,0,34,0.1464742
7731,0,34,0.1464742
7747,0,34,0.1464742
7762,0,34,0.1464742
7777,0,34,0.1464742
7793,0,34,0.1464742
7811,0,34,0.1464742
7825,0,34,0.1464742
7840,0,34,0.1464742
7862,0,42,0.167399
7870,0,42,0.167399
7886,0,42,0.167399
7902,0,42,0.167399
7924,0,42,0.167399
7932,0,42,0.167399
7948,0,42,0.167399
7963,0,42,0.167399
7979,0,42,0.167399
7995,0,42,0.167399
8010,0,42,0.167399
8029,0,42,0.167399
8041,0,42,0.167399
8069,0,50,0.167399
8073,0,50,0.167399
8089,0,50,0.167399
8104,0,50,0.167399
8120,0,50,0.167399
8140,0,50,0.167399
8150,0,50,0.167399
8166,0,50,0.167399
8182,0,50,0.167399
8198,0,50,0.167399
8213,0,50,0.167399
8228,0,50,0.167399
8246,0,50,0.167399
8268,0,59,0.1883239
8274,0,59,0.1883239
8290,0,59,0.1883239
8306,0,59,0.1883239
8321,0,59,0.1883239
8338,0,59,0.1883239
8362,0,59,0.1883239
8368,0,59,0.1883239
8385,0,59,0.1883239
8401,0,59,0.1883239
8416,0,59,0.1883239
8432,0,59,0.1883239
8456,0,69,0.2092488
8467,0,69,0.2092488
8480,0,69,0.2092488
8496,0,69,0.2092488
8511,0,69,0.2092488
8529,0,69,0.2092488
8543,0,69,0.2092488
8559,0,69,0.2092488
8579,0,69,0.2092488
8590,0,69,0.2092488
8605,0,69,0.2092488
8620,0,69,0.2092488
8635,0,69,0.2092488
8651,0,69,0.2092488
8676,0,79,0.2092488
8687,0,79,0.2092488
8698,0,79,0.2092488
8713,0,79,0.2092488
8729,0,79,0.2092488
8745,0,79,0.2092488
8762,0,79,0.2092488
8775,0,79,0.2092488
8795,0,79,0.2092488
8805,0,79,0.2092488
8821,0,79,0.2092488
8851,0,79,0.2092488
8877,0,91,0.2510985
8881,0,91,0.2510985
8897,0,91,0.2510985
8919,0,91,0.2510985
8929,0,91,0.2510985
8944,0,91,0.2510985
8960,0,91,0.2510985
8976,0,91,0.2510985
8992,0,91,0.2510985
9007,0,91,0.2510985
9026,0,91,0.2510985
9038,0,91,0.2510985
9062,0,103,0.2510985
9068,0,103,0.2510985
9084,0,103,0.2510985
9093,0,103,0.2510985
9116,0,103,0.2510985
9136,0,103,0.2510985
9146,0,103,0.2510985
9162,0,103,0.2510985
9178,0,103,0.2510985
9180,0,103,0.2510985
9209,0,103,0.2510985
9224,0,103,0.2510985
9231,0,103,0.2510985
9255,0,103,0.2510985
9285,0,116,0.2720234
9287,0,116,0.2720234
9302,0,116,0.2720234
9317,0,116,0.2720234
9333,0,116,0.2720234
9353,0,116,0.2720234
9365,0,116,0.2720234
9381,0,116,0.2720234
9397,0,116,0.2720234
9413,0,116,0.2720234
9429,0,116,0.2720234
9444,0,116,0.2720234
9463,0,116,0.2720234
9484,0,130,0.2929483
9491,0,130,0.2929483
9500,0,130,0.2929483
9522,0,130,0.2929483
9538,0,130,0.2929483
9553,0,130,0.2929483
9575,0,130,0.2929483
9584,0,130,0.2929483
9602,0,130,0.2929483
9615,0,130,0.2929483
9630,0,130,0.2929483
9646,0,130,0.2929483
9661,0,130,0.2929483
9690,0,144,0.2929483
9692,0,144,0.2929483
9695,0,144,0.2929483
9718,0,144,0.2929483
9739,0,144,0.2929483
9743,0,144,0.2929483
9770,0,144,0.2929483
9789,0,144,0.2929483
9801,0,144,0.2929483
9817,0,144,0.2929483
9832,0,144,0.2929483
9848,0,144,0.2929483
9863,0,144,0.2929483
9893,0,160,0.3347981
9899,0,160,0.3347981
9910,0,160,0.3347981
9925,0,160,0.3347981
9940,0,160,0.3347981
9957,0,160,0.3347981
9972,0,160,0.3347981
9987,0,160,0.3347981
10006,0,160,0.3347981
10018,0,160,0.3347981
10034,0,160,0.3347981
10050,0,160,0.3347981
10066,0,160,0.3347981
10094,0,177,0.3557229
10098,0,177,0.3557229
10117,0,177,0.3557229
10129,0,177,0.3557229
10144,0,177,0.3557229
10159,0,177,0.3557229
10175,0,177,0.3557229
10190,0,177,0.3557229
10207,0,177,0.3557229
10216,0,177,0.3557229
10237,0,177,0.3557229
10253,0,177,0.3557229
10258,0,177,0.3557229
10297,0,195,0.3766478
10298,0,195,0.3766478
10313,0,195,0.3766478
10332,0,195,0.3766478
10344,0,195,0.3766478
10360,0,195,0.3766478
10376,0,195,0.3766478
10391,0,195,0.3766478
10407,0,195,0.3766478
10423,0,195,0.3766478
10441,0,195,0.3766478
10454,0,195,0.3766478
10470,0,195,0.3766478
10497,0,213,0.3766478
10501,0,213,0.3766478
10516,0,213,0.3766478
10532,0,213,0.3766478
10551,0,213,0.3766478
10563,0,213,0.3766478
10579,0,213,0.3766478
10595,0,213,0.3766478
10611,0,213,0.3766478
10626,0,213,0.3766478
10642,0,213,0.3766478
10662,0,213,0.3766478
10673,0,213,0.3766478
10702,0,231,0.3766478
10704,0,231,0.3766478
10720,0,231,0.3766478
10735,0,231,0.3766478
10746,0,231,0.3766478
10769,0,231,0.3766478
10782,0,231,0.3766478
10790,0,231,0.3766478
10813,0,231,0.3766478
10828,0,231,0.3766478
10843,0,231,0.3766478
10859,0,231,0.3766478
10890,0,251,0.4184976
10890,0,251,0.4184976
10906,0,251,0.4184976
10922,0,251,0.4184976
10938,0,251,0.4184976
10952,0,251,0.4184976
10968,0,251,0.4184976
10988,0,251,0.4184976
10999,0,251,0.4184976
11014,0,251,0.4184976
11029,0,251,0.4184976
11045,0,251,0.4184976
11060,0,251,0.4184976
11076,0,251,0.4184976
11104,0,271,0.4184976
11106,0,271,0.4184976
11121,0,271,0.4184976
11137,0,271,0.4184976
11153,0,271,0.4184976
11168,0,271,0.4184976
11184,0,271,0.4184976
11204,0,271,0.4184976
11215,0,271,0.4184976
11230,0,271,0.4184976
11246,0,271,0.4184976
11262,0,271,0.4184976
11277,0,271,0.4184976
11305,0,291,0.4184976
11311,0,291,0.4184976
11324,0,291,0.4184976
11339,0,291,0.4184976
11355,0,291,0.4184976
11370,0,291,0.4184976
11385,0,291,0.4184976
11401,0,291,0.4184976
11420,0,291,0.4184976
11431,0,291,0.4184976
11446,0,291,0.4184976
11462,0,291,0.4184976
11477,0,291,0.4184976
11509,0,313,0.4603474
11510,0,313,0.4603474
11542,0,313,0.4603474
11554,0,313,0.4603474
11569,0,313,0.4603474
11585,0,313,0.4603474
11600,0,313,0.4603474
11615,0,313,0.4603474
11630,0,313,0.4603474
11650,0,313,0.4603474
11661,0,313,0.4603474
11676,0,313,0.4603474
11692,0,313,0.4603474
11720,0,335,0.4603474
11724,0,335,0.4603474
11727,0,335,0.4603474
11759,0,335,0.4603474
11770,0,335,0.4603474
11775,0,335,0.4603474
11801,0,335,0.4603474
11813,0,335,0.4603474
11831,0,335,0.4603474
11847,0,335,0.4603474
11868,0,335,0.4603474
11878,0,335,0.4603474
11906,0,357,0.4603474
11908,0,357,0.4603474
11923,0,357,0.4603474
11939,0,357,0.4603474
11954,0,357,0.4603474
11973,0,357,0.4603474
11986,0,357,0.4603474
12001,0,357,0.4603474
12017,0,357,0.4603474
12028,0,357,0.4603474
12048,0,357,0.4603474
12064,0,357,0.4603474
12084,0,357,0.4603474
12094,0,357,0.4603474
12126,0,380,0.4812722
12140,0,380,0.4812722
12156,0,380,0.4812722
12172,0,380,0.4812722
12194,0,380,0.4812722
12203,0,380,0.4812722
12218,0,380,0.4812722
12234,0,380,0.4812722
12247,0,380,0.4812722
12265,0,380,0.4812722
12280,0,380,0.4812722
12298,0,380,0.4812722
12311,0,380,0.4812722
12326,0,404,0.5021971
12341,0,404,0.5021971
12357,0,404,0.5021971
12372,0,404,0.5021971
12387,0,404,0.5021971
12408,0,404,0.5021971
12418,0,404,0.5021971
12433,0,404,0.5021971
12448,0,404,0.5021971
12464,0,404,0.5021971
12480,0,404,0.5021971
12495,0,404,0.5021971
12515,0,429,0.523122
12526,0,429,0.523122
12540,0,429,0.523122
12557,0,429,0.523122
12573,0,429,0.523122
12589,0,429,0.523122
12604,0,429,0.523122
12625,0,429,0.523122
12635,0,429,0.523122
12650,0,429,0.523122
12666,0,429,0.523122
12680,0,429,0.523122
12697,0,429,0.523122
12712,0,429,0.523122
12734,0,455,0.5440469
12743,0,455,0.5440469
12759,0,455,0.5440469
12775,0,455,0.5440469
12791,0,455,0.5440469
12806,0,455,0.5440469
12822,0,455,0.5440469
12842,0,455,0.5440469
12854,0,455,0.5440469
12869,0,455,0.5440469
12885,0,455,0.5440469
12901,0,455,0.5440469
12917,0,455,0.5440469
12933,0,480,0.523122
12954,0,480,0.523122
12964,0,480,0.523122
12980,0,480,0.523122
12996,0,480,0.523122
13011,0,480,0.523122
13027,0,480,0.523122
13042,0,480,0.523122
13061,0,480,0.523122
13073,0,480,0.523122
13088,0,480,0.523122
13104,0,480,0.523122
13120,0,508,0.5858966
13136,0,508,0.5858966
13151,0,508,0.5858966
13173,0,508,0.5858966
13182,0,508,0.5858966
13198,0,508,0.5858966
13214,0,508,0.5858966
13230,0,508,0.5858966
13245,0,508,0.5858966
13261,0,508,0.5858966
13284,0,508,0.5858966
13291,0,508,0.5858966
13308,0,508,0.5858966
13324,0,508,0.5858966
13338,0,535,0.5649717
13353,0,535,0.5649717
13368,0,535,0.5649717
13389,0,535,0.5649717
13399,0,535,0.5649717
13415,0,535,0.5649717
13431,0,535,0.5649717
13447,0,535,0.5649717
13463,0,535,0.5649717
13478,0,535,0.5649717
13497,0,535,0.5649717
13509,0,535,0.5649717
13525,0,535,0.5649717
13540,0,563,0.5858966
13555,0,563,0.5858966
13571,0,563,0.5858966
13586,0,563,0.5858966
13606,0,563,0.5858966
13633,0,563,0.5858966
13649,0,563,0.5858966
13665,0,563,0.5858966
13681,0,563,0.5858966
13697,0,563,0.5858966
13717,0,563,0.5858966
13729,0,593,0.6277464
13744,0,593,0.6277464
13760,0,593,0.6277464
13775,0,593,0.6277464
13791,0,593,0.6277464
13806,0,593,0.6277464
13828,0,593,0.6277464
13837,0,593,0.6277464
13853,0,593,0.6277464
13868,0,593,0.6277464
13884,0,593,0.6277464
13899,0,593,0.6277464
13914,0,593,0.6277464
13937,0,593,0.6277464
13951,0,622,0.6068215
13962,0,622,0.6068215
13977,0,622,0.6068215
13992,0,622,0.6068215
14008,0,622,0.6068215
14023,0,622,0.6068215
14044,0,622,0.6068215
14055,0,622,0.6068215
14071,0,622,0.6068215
14086,0,622,0.6068215
14117,0,622,0.6068215
14136,0,653,0.6486713
14153,0,653,0.6486713
14165,0,653,0.6486713
14180,0,653,0.6486713
14196,0,653,0.6486713
14213,0,653,0.6486713
14227,0,653,0.6486713
14242,0,653,0.6486713
14278,0,653,0.6486713
14303,0,653,0.6486713
14318,0,653,0.6486713
14334,0,653,0.6486713
14350,0,685,0.6695961
14366,0,685,0.6695961
14380,0,685,0.6695961
14397,0,685,0.6695961
14412,0,685,0.6695961
14427,0,685,0.6695961
14443,0,685,0.6695961
14458,0,685,0.6695961
14474,0,685,0.6695961
14492,0,685,0.6695961
14505,0,685,0.6695961
14520,0,685,0.6695961
14535,0,685,0.6695961
14551,0,716,0.6486713
14566,0,716,0.6486713
14581,0,716,0.6486713
14600,0,716,0.6486713
14612,0,716,0.6486713
14628,0,716,0.6486713
14644,0,716,0.6486713
14659,0,716,0.6486713
14675,0,716,0.6486713
14690,0,716,0.6486713
14710,0,716,0.6486713
14722,0,716,0.6486713
14738,0,750,0.7114459
14742,0,750,0.7114459
14768,0,750,0.7114459
14784,0,750,0.7114459
14791,0,750,0.7114459
14811,0,750,0.7114459
14831,0,750,0.7114459
14847,0,750,0.7114459
14862,0,750,0.7114459
14877,0,750,0.7114459
14893,0,750,0.7114459
14909,0,750,0.7114459
14928,0,750,0.7114459
14941,0,783,0.6905211
14955,0,783,0.6905211
14971,0,783,0.6905211
14986,0,783,0.6905211
15002,0,783,0.6905211
15017,0,783,0.6905211
15036,0,783,0.6905211
15048,0,783,0.6905211
15063,0,783,0.6905211
15079,0,783,0.6905211
15094,0,783,0.6905211
15110,0,783,0.6905211
15126,0,783,0.6905211
15143,0,783,0.6905211
15157,0,816,0.6905211
15172,0,816,0.6905211
15188,0,816,0.6905211
15203,0,816,0.6905211
15219,0,816,0.6905211
15235,0,816,0.6905211
15254,0,816,0.6905211
15266,0,816,0.6905211
15282,0,816,0.6905211
15297,0,816,0.6905211
15305,0,816,0.6905211
15328,0,816,0.6905211
15344,0,850,0.7114459
15365,0,850,0.7114459
15376,0,850,0.7114459
15391,0,850,0.7114459
15407,0,850,0.7114459
15422,0,850,0.7114459
15438,0,850,0.7114459
15454,0,850,0.7114459
15473,0,850,0.7114459
15485,0,850,0.7114459
15500,0,850,0.7114459
15517,0,850,0.7114459
15533,0,850,0.7114459
15548,0,850,0.7114459
15566,0,885,0.7323708
15583,0,885,0.7323708
15595,0,885,0.7323708
15611,0,885,0.7323708
15627,0,885,0.7323708
15641,0,885,0.7323708
15657,0,885,0.7323708
15673,0,885,0.7323708
15694,0,885,0.7323708
15704,0,885,0.7323708
15719,0,885,0.7323708
15735,0,885,0.7323708
15751,0,885,0.7323708
15768,0,920,0.7323708
15782,0,920,0.7323708
15805,0,920,0.7323708
15828,0,920,0.7323708
15844,0,920,0.7323708
15859,0,920,0.7323708
15875,0,920,0.7323708
15890,0,920,0.7323708
15908,0,920,0.7323708
15921,0,920,0.7323708
15937,0,920,0.7323708
15952,0,957,0.7742205
15968,0,957,0.7742205
15982,0,957,0.7742205
15998,0,957,0.7742205
16022,0,957,0.7742205
16029,0,957,0.7742205
16045,0,957,0.7742205
16060,0,957,0.7742205
16075,0,957,0.7742205
16092,0,957,0.7742205
16107,0,957,0.7742205
16128,0,957,0.7742205
16138,0,957,0.7742205
16155,0,957,0.7742205
16169,0,994,0.7742205
16184,0,994,0.7742205
16200,0,994,0.7742205
16215,0,994,0.7742205
16236,0,994,0.7742205
16247,0,994,0.7742205
16262,0,994,0.7742205
16278,0,994,0.7742205
16292,0,994,0.7742205
16309,0,994,0.7742205
16325,0,994,0.7742205
16345,0,994,0.7742205
16357,0,994,0.7742205
16372,0,1031,0.7742205
16387,0,1031,0.7742205
16403,0,1031,0.7742205
16418,0,1031,0.7742205
16433,0,1031,0.7742205
16458,0,1031,0.7742205
16464,0,1031,0.7742205
16480,0,1031,0.7742205
16495,0,1031,0.7742205
16510,0,1031,0.7742205
16526,0,1031,0.7742205
16541,0,1031,0.7742205
16559,0,1031,0.7742205
16574,0,1070,0.8160703
16587,0,1070,0.8160703
16602,0,1070,0.8160703
16617,0,1070,0.8160703
16633,0,1070,0.8160703
16648,0,1070,0.8160703
16668,0,1070,0.8160703
16695,0,1070,0.8160703
16710,0,1070,0.8160703
16720,0,1070,0.8160703
16742,0,1070,0.8160703
16757,0,1070,0.8160703
16777,0,1108,0.7951455
16790,0,1108,0.7951455
16806,0,1108,0.7951455
16820,0,1108,0.7951455
16837,0,1108,0.7951455
16851,0,1108,0.7951455
16867,0,1108,0.7951455
16908,0,1108,0.7951455
16929,0,1108,0.7951455
16943,0,1108,0.7951455
16959,0,1108,0.7951455
16975,0,1147,0.8160703
16990,0,1147,0.8160703
17010,0,1147,0.8160703
17021,0,1147,0.8160703
17036,0,1147,0.8160703
17053,0,1147,0.8160703
17069,0,1147,0.8160703
17084,0,1147,0.8160703
17099,0,1147,0.8160703
17118,0,1147,0.8160703
17131,0,1147,0.8160703
17146,0,1147,0.8160703
17162,0,1147,0.8160703
17179,0,1187,0.8369952
17193,0,1187,0.8369952
17209,0,1187,0.8369952
17233,0,1187,0.8369952
17240,0,1187,0.8369952
17255,0,1187,0.8369952
17258,0,1187,0.8369952
17285,0,1187,0.8369952
17301,0,1187,0.8369952
17305,0,1187,0.8369952
17335,0,1187,0.8369952
17346,0,1187,0.8369952
17362,0,1187,0.8369952
17379,0,1228,0.8579201
17393,0,1228,0.8579201
17409,0,1228,0.8579201
17426,0,1228,0.8579201
17450,0,1228,0.8579201
17456,0,1228,0.8579201
17472,0,1228,0.8579201
17487,0,1228,0.8579201
17502,0,1228,0.8579201
17518,0,1228,0.8579201
17533,0,1228,0.8579201
17554,0,1228,0.8579201
17571,0,1269,0.8579201
17580,0,1269,0.8579201
17596,0,1269,0.8579201
17611,0,1269,0.8579201
17627,0,1269,0.8579201
17643,0,1269,0.8579201
17662,0,1269,0.8579201
17675,0,1269,0.8579201
17691,0,1269,0.8579201
17707,0,1269,0.8579201
17722,0,1269,0.8579201
17737,0,1269,0.8579201
17753,0,1269,0.8579201
17772,0,1269,0.8579201
17788,0,1312,0.8997698
17799,0,1312,0.8997698
17815,0,1312,0.8997698
17821,0,1312,0.8997698
17846,0,1312,0.8997698
17861,0,1312,0.8997698
17886,0,1312,0.8997698
17892,0,1312,0.8997698
17908,0,1312,0.8997698
17923,0,1312,0.8997698
17939,0,1312,0.8997698
17955,0,1312,0.8997698
17970,0,1312,0.8997698
17991,0,1355,0.8997698
17999,0,1355,0.8997698
18018,0,1355,0.8997698
18033,0,1355,0.8997698
18048,0,1355,0.8997698
18064,0,1355,0.8997698
18079,0,1355,0.8997698
18099,0,1355,0.8997698
18110,0,1355,0.8997698
18126,0,1355,0.8997698
18141,0,1355,0.8997698
18157,0,1355,0.8997698
18172,0,1355,0.8997698
18189,0,1397,0.878845
18209,0,1397,0.878845
18216,0,1397,0.878845
18235,0,1397,0.878845
18249,0,1397,0.878845
18265,0,1397,0.878845
18281,0,1397,0.878845
18298,0,1397,0.878845
18317,0,1397,0.878845
18328,0,1397,0.878845
18337,0,1397,0.878845
18358,0,1397,0.878845
18373,0,1397,0.878845
18390,0,1441,0.9206947
18404,0,1441,0.9206947
18428,0,1441,0.9206947
18435,0,1441,0.9206947
18451,0,1441,0.9206947
18467,0,1441,0.9206947
18482,0,1441,0.9206947
18498,0,1441,0.9206947
18514,0,1441,0.9206947
18533,0,1441,0.9206947
18544,0,1441,0.9206947
18561,0,1441,0.9206947
18576,0,1441,0.9206947
18592,0,1441,0.9206947
18611,0,1485,0.9206947
18623,0,1485,0.9206947
18641,0,1485,0.9206947
18654,0,1485,0.9206947
18670,0,1485,0.9206947
18686,0,1485,0.9206947
18702,0,1485,0.9206947
18718,0,1485,0.9206947
18734,0,1485,0.9206947
18754,0,1485,0.9206947
18764,0,1485,0.9206947
18779,0,1485,0.9206947
18797,0,1530,0.9416196
18811,0,1530,0.9416196
18822,0,1530,0.9416196
18841,0,1530,0.9416196
18862,0,1530,0.9416196
18872,0,1530,0.9416196
18887,0,1530,0.9416196
18902,0,1530,0.9416196
18918,0,1530,0.9416196
18934,0,1530,0.9416196
18949,0,1530,0.9416196
18971,0,1530,0.9416196
18979,0,1530,0.9416196
18996,0,1576,0.9625444
19009,0,1576,0.9625444
19026,0,1576,0.9625444
19041,0,1576,0.9625444
19057,0,1576,0.9625444
19076,0,1576,0.9625444
19087,0,1576,0.9625444
19103,0,1576,0.9625444
19118,0,1576,0.9625444
19133,0,1576,0.9625444
19149,0,1576,0.9625444
19165,0,1576,0.9625444
19184,0,1576,0.9625444
19196,0,1576,0.9625444
19214,0,1622,0.9625444
19227,0,1622,0.9625444
19242,0,1622,0.9625444
19259,0,1622,0.9625444
19274,0,1622,0.9625444
19292,0,1622,0.9625444
19304,0,1622,0.9625444
19323,0,1622,0.9625444
19351,0,1622,0.9625444
19367,0,1622,0.9625444
19382,0,1622,0.9625444
19403,0,1670,1.004394
19417,0,1670,1.004394
19428,0,1670,1.004394
19444,0,1670,1.004394
19459,0,1670,1.004394
19475,0,1670,1.004394
19490,0,1670,1.004394
19505,0,1670,1.004394
19525,0,1670,1.004394
19536,0,1670,1.004394
19552,0,1670,1.004394
19568,0,1670,1.004394
19583,0,1670,1.004394
19598,0,1670,1.004394
19619,0,1718,1.004394
19634,0,1718,1.004394
19645,0,1718,1.004394
19662,0,1718,1.004394
19676,0,1718,1.004394
19692,0,1718,1.004394
19707,0,1718,1.004394
19722,0,1718,1.004394
19741,0,1718,1.004394
19752,0,1718,1.004394
19768,0,1718,1.004394
19783,0,1718,1.004394
19802,0,1768,1.046244
19815,0,1768,1.046244
19830,0,1768,1.046244
19852,0,1768,1.046244
19861,0,1768,1.046244
19868,0,1768,1.046244
19892,0,1768,1.046244
19907,0,1768,1.046244
19919,0,1768,1.046244
19939,0,1768,1.046244
19961,0,1768,1.046244
19970,0,1768,1.046244
19986,0,1768,1.046244
20002,0,1768,1.046244
20022,0,1818,1.046244
20033,0,1818,1.046244
20049,0,1818,1.046244
20070,0,1818,1.046244
20079,0,1818,1.046244
20096,0,1818,1.046244
20111,0,1818,1.046244
20126,0,1818,1.046244
20142,0,1818,1.046244
20157,0,1818,1.046244
20179,0,1818,1.046244
20188,0,1818,1.046244
20205,0,1818,1.046244
20229,0,1868,1.046244
20235,0,1868,1.046244
20251,0,1868,1.046244
20266,0,1868,1.046244
20286,0,1868,1.046244
20297,0,1868,1.046244
20312,0,1868,1.046244
20328,0,1868,1.046244
20337,0,1868,1.046244
20359,0,1868,1.046244
20375,0,1868,1.046244
20395,0,1868,1.046244
20415,0,1918,1.046244
20422,0,1918,1.046244
20436,0,1918,1.046244
20452,0,1918,1.046244
20467,0,1918,1.046244
20482,0,1918,1.046244
20505,0,1918,1.046244
20513,0,1918,1.046244
20529,0,1918,1.046244
20545,0,1918,1.046244
20557,0,1918,1.046244
20576,0,1918,1.046244
20592,0,1918,1.046244
20612,0,1918,1.046244
20631,0,1967,1.025319
20638,0,1967,1.025319
20654,0,1967,1.025319
20670,0,1967,1.025319
20685,0,1967,1.025319
20700,0,1967,1.025319
20719,0,1967,1.025319
20731,0,1967,1.025319
20746,0,1967,1.025319
20761,0,1967,1.025319
20776,0,1967,1.025319
20792,0,1967,1.025319
20808,0,1967,1.025319
20833,0,2017,1.046244
20839,0,2017,1.046244
20854,0,2017,1.046244
20869,0,2017,1.046244
20884,0,2017,1.046244
20900,0,2017,1.046244
20915,0,2017,1.046244
20933,0,2017,1.046244
20946,0,2017,1.046244
20961,0,2017,1.046244
20977,0,2017,1.046244
20993,0,2017,1.046244
21008,0,2017,1.046244
21029,0,2067,1.046244
21044,0,2067,1.046244
21055,0,2067,1.046244
21070,0,2067,1.046244
21102,0,2067,1.046244
21133,0,2067,1.046244
21147,0,2067,1.046244
21167,0,2067,1.046244
21181,0,2067,1.046244
21194,0,2067,1.046244
21204,0,2067,1.046244
21225,0,2117,1.046244
21240,0,2117,1.046244
21256,0,2117,1.046244
21278,0,2117,1.046244
21287,0,2117,1.046244
21289,0,2117,1.046244
21318,0,2117,1.046244
21334,0,2117,1.046244
21339,0,2117,1.046244
21365,0,2117,1.046244
21386,0,2117,1.046244
21396,0,2117,1.046244
21411,0,2117,1.046244
21427,0,2117,1.046244
21445,0,2168,1.067169
21457,0,2168,1.067169
21473,0,2168,1.067169
21493,0,2168,1.067169
21505,0,2168,1.067169
21521,0,2168,1.067169
21537,0,2168,1.067169
21553,0,2168,1.067169
21569,0,2168,1.067169
21585,0,2168,1.067169
21603,0,2168,1.067169
21616,0,2168,1.067169
21636,0,2222,1.129943
21648,0,2222,1.129943
21663,0,2222,1.129943
21679,0,2222,1.129943
21694,0,2222,1.129943
21715,0,2222,1.129943
21724,0,2222,1.129943
21740,0,2222,1.129943
21756,0,2222,1.129943
21772,0,2222,1.129943
21788,0,2222,1.129943
21804,0,2222,1.129943
21808,0,2222,1.129943
21835,0,2222,1.129943
21855,0,2276,1.129943
21881,0,2276,1.129943
21897,0,2276,1.129943
21913,0,2276,1.129943
21932,0,2276,1.129943
21943,0,2276,1.129943
21958,0,2276,1.129943
21974,0,2276,1.129943
21990,0,2276,1.129943
22006,0,2276,1.129943
22022,0,2276,1.129943
22047,0,2332,1.171793
22054,0,2332,1.171793
22069,0,2332,1.171793
22084,0,2332,1.171793
22100,0,2332,1.171793
22116,0,2332,1.171793
22131,0,2332,1.171793
22150,0,2332,1.171793
22162,0,2332,1.171793
22178,0,2332,1.171793
22193,0,2332,1.171793
22208,0,2332,1.171793
22223,0,2332,1.171793
22243,0,2388,1.171793
22266,0,2388,1.171793
22286,0,2388,1.171793
22302,0,2388,1.171793
22317,0,2388,1.171793
22320,0,2388,1.171793
22348,0,2388,1.171793
22355,0,2388,1.171793
22379,0,2388,1.171793
22396,0,2388,1.171793
22412,0,2388,1.171793
22427,0,2388,1.171793
22450,0,2445,1.192718
22457,0,2445,1.192718
22470,0,2445,1.192718
22489,0,2445,1.192718
22505,0,2445,1.192718
22520,0,2445,1.192718
22536,0,2445,1.192718
22551,0,2445,1.192718
22566,0,2445,1.192718
22584,0,2445,1.192718
22596,0,2445,1.192718
22612,0,2445,1.192718
22633,0,2503,1.213643
22643,0,2503,1.213643
22659,0,2503,1.213643
22674,0,2503,1.213643
22688,0,2503,1.213643
22705,0,2503,1.213643
22721,0,2503,1.213643
22736,0,2503,1.213643
22752,0,2503,1.213643
22767,0,2503,1.213643
22783,0,2503,1.213643
22804,0,2503,1.213643
22813,0,2503,1.213643
22829,0,2503,1.213643
22849,0,2561,1.213643
22861,0,2561,1.213643
22877,0,2561,1.213643
22883,0,2561,1.213643
22913,0,2561,1.213643
22925,0,2561,1.213643
22941,0,2561,1.213643
22957,0,2561,1.213643
22972,0,2561,1.213643
22987,0,2561,1.213643
23003,0,2561,1.213643
23022,0,2561,1.213643
23034,0,2561,1.213643
23055,0,2621,1.255493
23064,0,2621,1.255493
23080,0,2621,1.255493
23095,0,2621,1.255493
23111,0,2621,1.255493
23131,0,2621,1.255493
23141,0,2621,1.255493
23157,0,2621,1.255493
23173,0,2621,1.255493
23188,0,2621,1.255493
23203,0,2621,1.255493
23219,0,2621,1.255493
23237,0,2621,1.255493
23257,0,2681,1.255493
23266,0,2681,1.255493
23282,0,2681,1.255493
23297,0,2681,1.255493
23312,0,2681,1.255493
23328,0,2681,1.255493
23347,0,2681,1.255493
23359,0,2681,1.255493
23369,0,2681,1.255493
23390,0,2681,1.255493
23405,0,2681,1.255493
23421,0,2681,1.255493
23436,0,2681,1.255493
23461,0,2742,1.276418
23467,0,2742,1.276418
23483,0,2742,1.276418
23498,0,2742,1.276418
23514,0,2742,1.276418
23529,0,2742,1.276418
23544,0,2742,1.276418
23563,0,2742,1.276418
23575,0,2742,1.276418
23590,0,2742,1.276418
23606,0,2742,1.276418
23621,0,2742,1.276418
23637,0,2742,1.276418
23658,0,2804,1.297343
23672,0,2804,1.297343
23684,0,2804,1.297343
23699,0,2804,1.297343
23715,0,2804,1.297343
23731,0,2804,1.297343
23748,0,2804,1.297343
23762,0,2804,1.297343
23781,0,2804,1.297343
23793,0,2804,1.297343
23809,0,2804,1.297343
23824,0,2804,1.297343
23840,0,2804,1.297343
23862,0,2866,1.297343
23872,0,2866,1.297343
23890,0,2866,1.297343
23902,0,2866,1.297343
23918,0,2866,1.297343
23934,0,2866,1.297343
23950,0,2866,1.297343
23966,0,2866,1.297343
23981,0,2866,1.297343
24001,0,2866,1.297343
24012,0,2866,1.297343
24028,0,2866,1.297343
24044,0,2866,1.297343
24067,0,2930,1.339192
24074,0,2930,1.339192
24089,0,2930,1.339192
24111,0,2930,1.339192
24120,0,2930,1.339192
24135,0,2930,1.339192
24152,0,2930,1.339192
24167,0,2930,1.339192
24183,0,2930,1.339192
24198,0,2930,1.339192
24217,0,2930,1.339192
24230,0,2930,1.339192
24245,0,2930,1.339192
24260,0,2930,1.339192
24282,0,2994,1.339192
24291,0,2994,1.339192
24307,0,2994,1.339192
24328,0,2994,1.339192
24337,0,2994,1.339192
24353,0,2994,1.339192
24368,0,2994,1.339192
24384,0,2994,1.339192
24400,0,2994,1.339192
24415,0,2994,1.339192
24433,0,2994,1.339192
24446,0,2994,1.339192
24467,0,3059,1.360117
24477,0,3059,1.360117
24492,0,3059,1.360117
24522,0,3059,1.360117
24537,0,3059,1.360117
24556,0,3059,1.360117
24568,0,3059,1.360117
24584,0,3059,1.360117
24599,0,3059,1.360117
24614,0,3059,1.360117
24630,0,3059,1.360117
24645,0,3059,1.360117
24664,0,3059,1.360117
24685,0,3125,1.381042
24692,0,3125,1.381042
24707,0,3125,1.381042
24722,0,3125,1.381042
24739,0,3125,1.381042
24754,0,3125,1.381042
24775,0,3125,1.381042
24785,0,3125,1.381042
24801,0,3125,1.381042
24816,0,3125,1.381042
24832,0,3125,1.381042
24836,0,3125,1.381042
24864,0,3125,1.381042
24891,0,3191,1.381042
24910,0,3191,1.381042
24926,0,3191,1.381042
24942,0,3191,1.381042
24957,0,3191,1.381042
24973,0,3191,1.381042
24991,0,3191,1.381042
25003,0,3191,1.381042
25018,0,3191,1.381042
25034,0,3191,1.381042
25049,0,3191,1.381042
25072,0,3257,1.381042
25079,0,3257,1.381042
25099,0,3257,1.381042
25112,0,3257,1.381042
25126,0,3257,1.381042
25142,0,3257,1.381042
25157,0,3257,1.381042
25173,0,3257,1.381042
25188,0,3257,1.381042
25211,0,3257,1.381042
25219,0,3257,1.381042
25235,0,3257,1.381042
25251,0,3257,1.381042
25267,0,3257,1.381042
25296,0,3324,1.401967
25297,0,3324,1.401967
25316,0,3324,1.401967
25329,0,3324,1.401967
25345,0,3324,1.401967
25353,0,3324,1.401967
25376,0,3324,1.401967
25391,0,3324,1.401967
25399,0,3324,1.401967
25428,0,3324,1.401967
25439,0,3324,1.401967
25455,0,3324,1.401967
25478,0,3393,1.443817
25485,0,3393,1.443817
25501,0,3393,1.443817
25517,0,3393,1.443817
25538,0,3393,1.443817
25547,0,3393,1.443817
25562,0,3393,1.443817
25578,0,3393,1.443817
25594,0,3393,1.443817
25610,0,3393,1.443817
25625,0,3393,1.443817
25647,0,3393,1.443817
25656,0,3393,1.443817
25679,0,3461,1.422892
25688,0,3461,1.422892
25703,0,3461,1.422892
25718,0,3461,1.422892
25733,0,3461,1.422892
25754,0,3461,1.422892
25764,0,3461,1.422892
25780,0,3461,1.422892
25795,0,3461,1.422892
25810,0,3461,1.422892
25826,0,3461,1.422892
25841,0,3461,1.422892
25861,0,3461,1.422892
25872,0,3461,1.422892
25895,0,3532,1.485666
25903,0,3532,1.485666
25914,0,3532,1.485666
25934,0,3532,1.485666
25950,0,3532,1.485666
25975,0,3532,1.485666
25982,0,3532,1.485666
25997,0,3532,1.485666
26013,0,3532,1.485666
26029,0,3532,1.485666
26044,0,3532,1.485666
26060,0,3532,1.485666
26092,0,3602,1.464742
26107,0,3602,1.464742
26122,0,3602,1.464742
26137,0,3602,1.464742
26153,0,3602,1.464742
26168,0,3602,1.464742
26185,0,3602,1.464742
26198,0,3602,1.464742
26214,0,3602,1.464742
26229,0,3602,1.464742
26245,0,3602,1.464742
26260,0,3602,1.464742
26276,0,3602,1.464742
26307,0,3673,1.485666
26322,0,3673,1.485666
26337,0,3673,1.485666
26353,0,3673,1.485666
26369,0,3673,1.485666
26385,0,3673,1.485666
26402,0,3673,1.485666
26415,0,3673,1.485666
26431,0,3673,1.485666
26447,0,3673,1.485666
26461,0,3673,1.485666
26478,0,3673,1.485666
26503,0,3745,1.506591
26526,0,3745,1.506591
26538,0,3745,1.506591
26553,0,3745,1.506591
26568,0,3745,1.506591
26584,0,3745,1.506591
26600,0,3745,1.506591
26616,0,3745,1.506591
26636,0,3745,1.506591
26646,0,3745,1.506591
26661,0,3745,1.506591
26677,0,3745,1.506591
26701,0,3818,1.527516
26707,0,3818,1.527516
26722,0,3818,1.527516
26743,0,3818,1.527516
26754,0,3818,1.527516
26769,0,3818,1.527516
26784,0,3818,1.527516
26800,0,3818,1.527516
26816,0,3818,1.527516
26831,0,3818,1.527516
26849,0,3818,1.527516
26862,0,3818,1.527516
26878,0,3818,1.527516
26902,0,3892,1.548441
26910,0,3892,1.548441
26914,0,3892,1.548441
26941,0,3892,1.548441
26965,0,3892,1.548441
26971,0,3892,1.548441
26986,0,3892,1.548441
27002,0,3892,1.548441
27017,0,3892,1.548441
27033,0,3892,1.548441
27049,0,3892,1.548441
27067,0,3892,1.548441
27080,0,3892,1.548441
27106,0,3966,1.548441
27111,0,3966,1.548441
27126,0,3966,1.548441
27141,0,3966,1.548441
27156,0,3966,1.548441
27180,0,3966,1.548441
27188,0,3966,1.548441
27204,0,3966,1.548441
27220,0,3966,1.548441
27236,0,3966,1.548441
27251,0,3966,1.548441
27267,0,3966,1.548441
27287,0,3966,1.548441
27313,0,4041,1.569366
27314,0,4041,1.569366
27329,0,4041,1.569366
27345,0,4041,1.569366
27360,0,4041,1.569366
27376,0,4041,1.569366
27398,0,4041,1.569366
27398,0,4041,1.569366
27422,0,4041,1.569366
27438,0,4041,1.569366
27454,0,4041,1.569366
27470,0,4041,1.569366
27485,0,4041,1.569366
27514,0,4117,1.590291
27517,0,4117,1.590291
27532,0,4117,1.590291
27547,0,4117,1.590291
27563,0,4117,1.590291
27578,0,4117,1.590291
27593,0,4117,1.590291
27612,0,4117,1.590291
27624,0,4117,1.590291
27640,0,4117,1.590291
27656,0,4117,1.590291
27671,0,4117,1.590291
27695,0,4193,1.590291
27702,0,4193,1.590291
27721,0,4193,1.590291
27733,0,4193,1.590291
27748,0,4193,1.590291
27764,0,4193,1.590291
27779,0,4193,1.590291
27794,0,4193,1.590291
27810,0,4193,1.590291
27830,0,4193,1.590291
27840,0,4193,1.590291
27856,0,4193,1.590291
27871,0,4193,1.590291
27887,0,4193,1.590291
27914,0,4270,1.611216
27915,0,4270,1.611216
27937,0,4270,1.611216
27949,0,4270,1.611216
27964,0,4270,1.611216
27980,0,4270,1.611216
27995,0,4270,1.611216
28011,0,4270,1.611216
28027,0,4270,1.611216
28045,0,4270,1.611216
28057,0,4270,1.611216
28073,0,4270,1.611216
28088,0,4270,1.611216
28115,0,4348,1.632141
28119,0,4348,1.632141
28135,0,4348,1.632141
28157,0,4348,1.632141
28166,0,4348,1.632141
28182,0,4348,1.632141
28198,0,4348,1.632141
28213,0,4348,1.632141
28230,0,4348,1.632141
28245,0,4348,1.632141
28263,0,4348,1.632141
28276,0,4348,1.632141
28291,0,4348,1.632141
28316,0,4427,1.653065
28322,0,4427,1.653065
28338,0,4427,1.653065
28353,0,4427,1.653065
28374,0,4427,1.653065
28384,0,4427,1.653065
28399,0,4427,1.653065
28415,0,4427,1.653065
28431,0,4427,1.653065
28446,0,4427,1.653065
28462,0,4427,1.653065
28480,0,4427,1.653065
28493,0,4427,1.653065
28518,0,4505,1.632141
28524,0,4505,1.632141
28540,0,4505,1.632141
28556,0,4505,1.632141
28572,0,4505,1.632141
28591,0,4505,1.632141
28603,0,4505,1.632141
28618,0,4505,1.632141
28634,0,4505,1.632141
28650,0,4505,1.632141
28665,0,4505,1.632141
28681,0,4505,1.632141
28699,0,4505,1.632141
28725,0,4585,1.67399
28727,0,4585,1.67399
28742,0,4585,1.67399
28772,0,4585,1.67399
28788,0,4585,1.67399
28804,0,4585,1.67399
28825,0,4585,1.67399
28835,0,4585,1.67399
28851,0,4585,1.67399
28866,0,4585,1.67399
28867,0,4585,1.67399
28898,0,4585,1.67399
28927,0,4665,1.67399
28930,0,4665,1.67399
28946,0,4665,1.67399
28961,0,4665,1.67399
28977,0,4665,1.67399
28993,0,4665,1.67399
29008,0,4665,1.67399
29030,0,4665,1.67399
29039,0,4665,1.67399
29054,0,4665,1.67399
29070,0,4665,1.67399
29086,0,4665,1.67399
29102,0,4665,1.67399
29132,0,4747,1.71584
29152,0,4747,1.71584
29164,0,4747,1.71584
29196,0,4747,1.71584
29211,0,4747,1.71584
29212,0,4747,1.71584
29242,0,4747,1.71584
29257,0,4747,1.71584
29279,0,4747,1.71584
29289,0,4747,1.71584
29303,0,4747,1.71584
29339,0,4829,1.71584
29349,0,4829,1.71584
29366,0,4829,1.71584
29387,0,4829,1.71584
29410,0,4829,1.71584
29427,0,4829,1.71584
29432,0,4829,1.71584
29458,0,4829,1.71584
29474,0,4829,1.71584
29493,0,4829,1.71584
29504,0,4829,1.71584
29531,0,4911,1.71584
29536,0,4911,1.71584
29552,0,4911,1.71584
29567,0,4911,1.71584
29583,0,4911,1.71584
29604,0,4911,1.71584
29615,0,4911,1.71584
29630,0,4911,1.71584
29647,0,4911,1.71584
29662,0,4911,1.71584
29677,0,4911,1.71584
29693,0,4911,1.71584
29713,0,4911,1.71584
29743,0,4995,1.75769
29755,0,4995,1.75769
29770,0,4995,1.75769
29785,0,4995,1.75769
29802,0,4995,1.75769
29821,0,4995,1.75769
29833,0,4995,1.75769
29849,0,4995,1.75769
29864,0,4995,1.75769
29879,0,4995,1.75769
29895,0,4995,1.75769
29898,0,4995,1.75769
29931,0,4995,1.75769
29959,0,5080,1.778615
29973,0,5080,1.778615
29988,0,5080,1.778615
30003,0,5080,1.778615
30018,0,5080,1.778615
30041,0,5080,1.778615
30050,0,5080,1.778615
30065,0,5080,1.778615
30080,0,5080,1.778615
30095,0,5080,1.778615
30110,0,5080,1.778615
30138,0,5164,1.75769
30146,0,5164,1.75769
30151,0,5164,1.75769
30173,0,5164,1.75769
30188,0,5164,1.75769
30203,0,5164,1.75769
30218,0,5164,1.75769
30235,0,5164,1.75769
30254,0,5164,1.75769
30266,0,5164,1.75769
30281,0,5164,1.75769
30297,0,5164,1.75769
30312,0,5164,1.75769
30339,0,5251,1.820465
30342,0,5251,1.820465
30364,0,5251,1.820465
30370,0,5251,1.820465
30390,0,5251,1.820465
30404,0,5251,1.820465
30420,0,5251,1.820465
30435,0,5251,1.820465
30451,0,5251,1.820465
30465,0,5251,1.820465
30482,0,5251,1.820465
30496,0,5251,1.820465
30512,0,5251,1.820465
30541,0,5337,1.79954
30542,0,5337,1.79954
30559,0,5337,1.79954
30581,0,5337,1.79954
30589,0,5337,1.79954
30605,0,5337,1.79954
30620,0,5337,1.79954
30635,0,5337,1.79954
30650,0,5337,1.79954
30665,0,5337,1.79954
30686,0,5337,1.79954
30696,0,5337,1.79954
30711,0,5337,1.79954
30743,0,5337,1.79954
30775,0,5425,1.841389
30788,0,5425,1.841389
30800,0,5425,1.841389
30820,0,5425,1.841389
30851,0,5425,1.841389
30867,0,5425,1.841389
30883,0,5425,1.841389
30902,0,5425,1.841389
30929,0,5425,1.841389
30962,0,5513,1.841389
30975,0,5513,1.841389
30990,0,5513,1.841389
31000,0,5513,1.841389
31025,0,5513,1.841389
31036,0,5513,1.841389
31051,0,5513,1.841389
31067,0,5513,1.841389
31082,0,5513,1.841389
31097,0,5513,1.841389
31113,0,5513,1.841389
31146,0,5601,1.841389
31158,0,5601,1.841389
31174,0,5601,1.841389
31190,0,5601,1.841389
31206,0,5601,1.841389
31221,0,5601,1.841389
31242,0,5601,1.841389
31252,0,5601,1.841389
31268,0,5601,1.841389
31283,0,5601,1.841389
31298,0,5601,1.841389
31314,0,5601,1.841389
31330,0,5601,1.841389
31362,0,5689,1.841389
31377,0,5689,1.841389
31392,0,5689,1.841389
31408,0,5689,1.841389
31423,0,5689,1.841389
31438,0,5689,1.841389
31458,0,5689,1.841389
31462,0,5689,1.841389
31484,0,5689,1.841389
31500,0,5689,1.841389
31515,0,5689,1.841389
31532,0,5689,1.841389
31561,0,5778,1.862314
31567,0,5778,1.862314
31578,0,5778,1.862314
31593,0,5778,1.862314
31609,0,5778,1.862314
31625,0,5778,1.862314
31641,0,5778,1.862314
31652,0,5778,1.862314
31676,0,5778,1.862314
31687,0,5778,1.862314
31703,0,5778,1.862314
31718,0,5778,1.862314
31733,0,5778,1.862314
31761,0,5869,1.904164
31765,0,5869,1.904164
31784,0,5869,1.904164
31795,0,5869,1.904164
31810,0,5869,1.904164
31826,0,5869,1.904164
31841,0,5869,1.904164
31857,0,5869,1.904164
31873,0,5869,1.904164
31891,0,5869,1.904164
31904,0,5869,1.904164
31920,0,5869,1.904164
31935,0,5869,1.904164
31965,0,5959,1.883239
31966,0,5959,1.883239
31981,0,5959,1.883239
32001,0,5959,1.883239
32012,0,5959,1.883239
32028,0,5959,1.883239
32044,0,5959,1.883239
32059,0,5959,1.883239
32075,0,5959,1.883239
32090,0,5959,1.883239
32109,0,5959,1.883239
32122,0,5959,1.883239
32137,0,5959,1.883239
32186,0,6050,1.904164
32199,0,6050,1.904164
32221,0,6050,1.904164
32230,0,6050,1.904164
32246,0,6050,1.904164
32261,0,6050,1.904164
32276,0,6050,1.904164
32291,0,6050,1.904164
32307,0,6050,1.904164
32325,0,6050,1.904164
32337,0,6050,1.904164
32366,0,6142,1.925089
32368,0,6142,1.925089
32384,0,6142,1.925089
32400,0,6142,1.925089
32415,0,6142,1.925089
32434,0,6142,1.925089
32446,0,6142,1.925089
32461,0,6142,1.925089
32477,0,6142,1.925089
32492,0,6142,1.925089
32508,0,6142,1.925089
32524,0,6142,1.925089
32542,0,6142,1.925089
32573,0,6235,1.946014
32587,0,6235,1.946014
32602,0,6235,1.946014
32618,0,6235,1.946014
32634,0,6235,1.946014
32653,0,6235,1.946014
32664,0,6235,1.946014
32680,0,6235,1.946014
32696,0,6235,1.946014
32711,0,6235,1.946014
32727,0,6235,1.946014
32742,0,6235,1.946014
32778,0,6235,1.946014
32808,0,6330,1.987864
32835,0,6330,1.987864
32851,0,6330,1.987864
32867,0,6330,1.987864
32887,0,6330,1.987864
32897,0,6330,1.987864
32913,0,6330,1.987864
32914,0,6330,1.987864
32945,0,6330,1.987864
32974,0,6424,1.966939
32995,0,6424,1.966939
33006,0,6424,1.966939
33022,0,6424,1.966939
33037,0,6424,1.966939
33052,0,6424,1.966939
33068,0,6424,1.966939
33083,0,6424,1.966939
33102,0,6424,1.966939
33114,0,6424,1.966939
33129,0,6424,1.966939
33144,0,6424,1.966939
33155,0,6424,1.966939
33185,0,6520,2.008788
33191,0,6520,2.008788
33210,0,6520,2.008788
33222,0,6520,2.008788
33238,0,6520,2.008788
33253,0,6520,2.008788
33269,0,6520,2.008788
33284,0,6520,2.008788
33300,0,6520,2.008788
33319,0,6520,2.008788
33332,0,6520,2.008788
33347,0,6520,2.008788
33377,0,6617,2.029713
33379,0,6617,2.029713
33394,0,6617,2.029713
33410,0,6617,2.029713
33430,0,6617,2.029713
33431,0,6617,2.029713
33456,0,6617,2.029713
33471,0,6617,2.029713
33479,0,6617,2.029713
33502,0,6617,2.029713
33517,0,6617,2.029713
33536,0,6617,2.029713
33548,0,6617,2.029713
33579,0,6715,2.050638
33580,0,6715,2.050638
33592,0,6715,2.050638
33611,0,6715,2.050638
33626,0,6715,2.050638
33646,0,6715,2.050638
33658,0,6715,2.050638
33673,0,6715,2.050638
33688,0,6715,2.050638
33704,0,6715,2.050638
33719,0,6715,2.050638
33734,0,6715,2.050638
33753,0,6715,2.050638
33766,0,6715,2.050638
33796,0,6815,2.092488
33812,0,6815,2.092488
33827,0,6815,2.092488
33843,0,6815,2.092488
33864,0,6815,2.092488
33874,0,6815,2.092488
33889,0,6815,2.092488
33905,0,6815,2.092488
33920,0,6815,2.092488
33936,0,6815,2.092488
33951,0,6815,2.092488
33984,0,6915,2.092488
33997,0,6915,2.092488
34013,0,6915,2.092488
34029,0,6915,2.092488
34044,0,6915,2.092488
34060,0,6915,2.092488
34080,0,6915,2.092488
34091,0,6915,2.092488
34107,0,6915,2.092488
34123,0,6915,2.092488
34139,0,6915,2.092488
34155,0,6915,2.092488
34185,0,7017,2.134338
34190,0,7017,2.134338
34202,0,7017,2.134338
34218,0,7017,2.134338
34233,0,7017,2.134338
34249,0,7017,2.134338
34265,0,7017,2.134338
34280,0,7017,2.134338
34299,0,7017,2.134338
34310,0,7017,2.134338
34326,0,7017,2.134338
34341,0,7017,2.134338
34356,0,7017,2.134338
34371,0,7017,2.134338
34401,0,7119,2.134338
34406,0,7119,2.134338
34419,0,7119,2.134338
34435,0,7119,2.134338
34450,0,7119,2.134338
34466,0,7119,2.134338
34481,0,7119,2.134338
34496,0,7119,2.134338
34516,0,7119,2.134338
34528,0,7119,2.134338
34544,0,7119,2.134338
34559,0,7119,2.134338
34597,0,7222,2.155262
34606,0,7222,2.155262
34626,0,7222,2.155262
34637,0,7222,2.155262
34652,0,7222,2.155262
34667,0,7222,2.155262
34683,0,7222,2.155262
34699,0,7222,2.155262
34715,0,7222,2.155262
34735,0,7222,2.155262
34746,0,7222,2.155262
34762,0,7222,2.155262
34776,0,7222,2.155262
34809,0,7327,2.197112
34824,0,7327,2.197112
34844,0,7327,2.197112
34856,0,7327,2.197112
34871,0,7327,2.197112
34884,0,7327,2.197112
34903,0,7327,2.197112
34918,0,7327,2.197112
34933,0,7327,2.197112
34952,0,7327,2.197112
34964,0,7327,2.197112
34979,0,7327,2.197112
35010,0,7435,2.259887
35012,0,7435,2.259887
35027,0,7435,2.259887
35043,0,7435,2.259887
35063,0,7435,2.259887
35074,0,7435,2.259887
35089,0,7435,2.259887
35105,0,7435,2.259887
35120,0,7435,2.259887
35135,0,7435,2.259887
35150,0,7435,2.259887
35170,0,7435,2.259887
35203,0,7544,2.280812
35213,0,7544,2.280812
35228,0,7544,2.280812
35243,0,7544,2.280812
35259,0,7544,2.280812
35278,0,7544,2.280812
35290,0,7544,2.280812
35305,0,7544,2.280812
35321,0,7544,2.280812
35336,0,7544,2.280812
35352,0,7544,2.280812
35367,0,7544,2.280812
35388,0,7544,2.280812
35426,0,7654,2.301737
35431,0,7654,2.301737
35447,0,7654,2.301737
35463,0,7654,2.301737
35478,0,7654,2.301737
35498,0,7654,2.301737
35509,0,7654,2.301737
35525,0,7654,2.301737
35541,0,7654,2.301737
35555,0,7654,2.301737
35573,0,7654,2.301737
35604,0,7765,2.322662
35618,0,7765,2.322662
35633,0,7765,2.322662
35649,0,7765,2.322662
35665,0,7765,2.322662
35681,0,7765,2.322662
35695,0,7765,2.322662
35728,0,7765,2.322662
35741,0,7765,2.322662
35757,0,7765,2.322662
35773,0,7765,2.322662
35804,0,7879,2.385436
35824,0,7879,2.385436
35835,0,7879,2.385436
35852,0,7879,2.385436
35868,0,7879,2.385436
35884,0,7879,2.385436
35899,0,7879,2.385436
35915,0,7879,2.385436
35932,0,7879,2.385436
35945,0,7879,2.385436
35966,0,7879,2.385436
35976,0,7879,2.385436
36007,0,7879,2.385436
36042,0,7994,2.406361
36057,0,7994,2.406361
36069,0,7994,2.406361
36085,0,7994,2.406361
36101,0,7994,2.406361
36116,0,7994,2.406361
36132,0,7994,2.406361
36146,0,7994,2.406361
36170,0,7994,2.406361
36177,0,7994,2.406361
36213,0,8110,2.427286
36223,0,8110,2.427286
36238,0,8110,2.427286
36253,0,8110,2.427286
36277,0,8110,2.427286
36285,0,8110,2.427286
36301,0,8110,2.427286
36317,0,8110,2.427286
36332,0,8110,2.427286
36347,0,8110,2.427286
36363,0,8110,2.427286
36387,0,8110,2.427286
36422,0,8228,2.469136
36440,0,8228,2.469136
36456,0,8228,2.469136
36471,0,8228,2.469136
36483,0,8228,2.469136
36502,0,8228,2.469136
36518,0,8228,2.469136
36534,0,8228,2.469136
36549,0,8228,2.469136
36565,0,8228,2.469136
36581,0,8228,2.469136
36601,0,8228,2.469136
36634,0,8350,2.552835
36635,0,8350,2.552835
36657,0,8350,2.552835
36672,0,8350,2.552835
36688,0,8350,2.552835
36711,0,8350,2.552835
36720,0,8350,2.552835
36735,0,8350,2.552835
36751,0,8350,2.552835
36766,0,8350,2.552835
36782,0,8350,2.552835
36817,0,8472,2.552835
36828,0,8472,2.552835
36844,0,8472,2.552835
36854,0,8472,2.552835
36875,0,8472,2.552835
36890,0,8472,2.552835
36905,0,8472,2.552835
36926,0,8472,2.552835
36937,0,8472,2.552835
36953,0,8472,2.552835
36968,0,8472,2.552835
36978,0,8472,2.552835
36999,0,8472,2.552835
37032,0,8596,2.594685
37045,0,8596,2.594685
37060,0,8596,2.594685
37076,0,8596,2.594685
37091,0,8596,2.594685
37107,0,8596,2.594685
37123,0,8596,2.594685
37143,0,8596,2.594685
37152,0,8596,2.594685
37168,0,8596,2.594685
37184,0,8596,2.594685
37200,0,8596,2.594685
37234,0,8724,2.678385
37250,0,8724,2.678385
37263,0,8724,2.678385
37278,0,8724,2.678385
37294,0,8724,2.678385
37309,0,8724,2.678385
37325,0,8724,2.678385
37340,0,8724,2.678385
37361,0,8724,2.678385
37371,0,8724,2.678385
37388,0,8724,2.678385
37424,0,8855,2.741159
37433,0,8855,2.741159
37448,0,8855,2.741159
37472,0,8855,2.741159
37480,0,8855,2.741159
37496,0,8855,2.741159
37511,0,8855,2.741159
37526,0,8855,2.741159
37542,0,8855,2.741159
37557,0,8855,2.741159
37578,0,8855,2.741159
37588,0,8855,2.741159
37604,0,8855,2.741159
37639,0,8989,2.803934
37649,0,8989,2.803934
37664,0,8989,2.803934
37687,0,8989,2.803934
37695,0,8989,2.803934
37711,0,8989,2.803934
37727,0,8989,2.803934
37742,0,8989,2.803934
37773,0,8989,2.803934
37788,0,8989,2.803934
37807,0,8989,2.803934
37844,0,9128,2.908558
37850,0,9128,2.908558
37866,0,9128,2.908558
37882,0,9128,2.908558
37897,0,9128,2.908558
37917,0,9128,2.908558
37943,0,9128,2.908558
37959,0,9128,2.908558
37963,0,9128,2.908558
37989,0,9128,2.908558
38005,0,9128,2.908558
38048,0,9268,2.929483
38052,0,9268,2.929483
38067,0,9268,2.929483
38082,0,9268,2.929483
38098,0,9268,2.929483
38114,0,9268,2.929483
38135,0,9268,2.929483
38144,0,9268,2.929483
38160,0,9268,2.929483
38175,0,9268,2.929483
38190,0,9268,2.929483
38207,0,9268,2.929483
38241,0,9410,2.971333
38253,0,9410,2.971333
38268,0,9410,2.971333
38285,0,9410,2.971333
38300,0,9410,2.971333
38316,0,9410,2.971333
38331,0,9410,2.971333
38350,0,9410,2.971333
38362,0,9410,2.971333
38378,0,9410,2.971333
38393,0,9410,2.971333
38409,0,9410,2.971333
38444,0,9563,3.201507
38460,0,9563,3.201507
38471,0,9563,3.201507
38478,0,9563,3.201507
38502,0,9563,3.201507
38518,0,9563,3.201507
38533,0,9563,3.201507
38548,0,9563,3.201507
38569,0,9563,3.201507
38580,0,9563,3.201507
38594,0,9563,3.201507
38610,0,9563,3.201507
38644,0,9721,3.306131
38658,0,9721,3.306131
38680,0,9721,3.306131
38688,0,9721,3.306131
38704,0,9721,3.306131
38719,0,9721,3.306131
38734,0,9721,3.306131
38751,0,9721,3.306131
38766,0,9721,3.306131
38788,0,9721,3.306131
38796,0,9721,3.306131
38808,0,9721,3.306131
38827,0,9721,3.306131
38861,0,9882,3.368906
38874,0,9882,3.368906
38896,0,9882,3.368906
38906,0,9882,3.368906
38921,0,9882,3.368906
38936,0,9882,3.368906
38953,0,9882,3.368906
38969,0,9882,3.368906
38978,0,9882,3.368906
39005,0,9882,3.368906
39015,0,9882,3.368906
39050,0,10045,3.410755
39061,0,10045,3.410755
39077,0,10045,3.410755
39092,0,10045,3.410755
39119,0,10045,3.410755
39123,0,10045,3.410755
39139,0,10045,3.410755
39154,0,10045,3.410755
39170,0,10045,3.410755
39186,0,10045,3.410755
39202,0,10045,3.410755
39221,0,10045,3.410755
39257,0,10210,3.452605
39264,0,10210,3.452605
39279,0,10210,3.452605
39295,0,10210,3.452605
39311,0,10210,3.452605
39333,0,10210,3.452605
39342,0,10210,3.452605
39358,0,10210,3.452605
39372,0,10210,3.452605
39388,0,10210,3.452605
39403,0,10210,3.452605
39418,0,10210,3.452605
39436,0,10210,3.452605
39471,0,10378,3.51538
39479,0,10378,3.51538
39494,0,10378,3.51538
39509,0,10378,3.51538
39525,0,10378,3.51538
39544,0,10378,3.51538
39556,0,10378,3.51538
39572,0,10378,3.51538
39587,0,10378,3.51538
39603,0,10378,3.51538
39618,0,10378,3.51538
39653,0,10548,3.55723
39666,0,10548,3.55723
39681,0,10548,3.55723
39697,0,10548,3.55723
39712,0,10548,3.55723
39727,0,10548,3.55723
39743,0,10548,3.55723
39764,0,10548,3.55723
39774,0,10548,3.55723
39789,0,10548,3.55723
39805,0,10548,3.55723
39820,0,10548,3.55723
39836,0,10548,3.55723
39874,0,10720,3.599079
39898,0,10720,3.599079
39913,0,10720,3.599079
39945,0,10720,3.599079
39961,0,10720,3.599079
39979,0,10720,3.599079
39993,0,10720,3.599079
40008,0,10720,3.599079
40038,0,10720,3.599079
40075,0,10894,3.640929
40089,0,10894,3.640929
40117,0,10894,3.640929
40131,0,10894,3.640929
40147,0,10894,3.640929
40162,0,10894,3.640929
40178,0,10894,3.640929
40194,0,10894,3.640929
40213,0,10894,3.640929
40225,0,10894,3.640929
40262,0,11072,3.724628
40272,0,11072,3.724628
40288,0,11072,3.724628
40303,0,11072,3.724628
40323,0,11072,3.724628
40334,0,11072,3.724628
40350,0,11072,3.724628
40365,0,11072,3.724628
40380,0,11072,3.724628
40396,0,11072,3.724628
40411,0,11072,3.724628
40431,0,11072,3.724628
40466,0,11254,3.808328
40473,0,11254,3.808328
40478,0,11254,3.808328
40505,0,11254,3.808328
40521,0,11254,3.808328
40541,0,11254,3.808328
40551,0,11254,3.808328
40565,0,11254,3.808328
40582,0,11254,3.808328
40598,0,11254,3.808328
40613,0,11254,3.808328
40629,0,11254,3.808328
40648,0,11254,3.808328
40686,0,11439,3.871103
40690,0,11439,3.871103
40706,0,11439,3.871103
40721,0,11439,3.871103
40736,0,11439,3.871103
40763,0,11439,3.871103
40767,0,11439,3.871103
40782,0,11439,3.871103
40797,0,11439,3.871103
40813,0,11439,3.871103
40829,0,11439,3.871103
40844,0,11439,3.871103
40884,0,11626,3.912952
40891,0,11626,3.912952
40906,0,11626,3.912952
40922,0,11626,3.912952
40938,0,11626,3.912952
40953,0,11626,3.912952
40972,0,11626,3.912952
40984,0,11626,3.912952
40993,0,11626,3.912952
41015,0,11626,3.912952
41031,0,11626,3.912952
41047,0,11626,3.912952
41085,0,11815,3.954802
41094,0,11815,3.954802
41110,0,11815,3.954802
41125,0,11815,3.954802
41141,0,11815,3.954802
41156,0,11815,3.954802
41172,0,11815,3.954802
41194,0,11815,3.954802
41204,0,11815,3.954802
41220,0,11815,3.954802
41235,0,11815,3.954802
41271,0,12009,4.059426
41281,0,12009,4.059426
41300,0,12009,4.059426
41312,0,12009,4.059426
41327,0,12009,4.059426
41343,0,12009,4.059426
41359,0,12009,4.059426
41374,0,12009,4.059426
41390,0,12009,4.059426
41410,0,12009,4.059426
41417,0,12009,4.059426
41437,0,12009,4.059426
41453,0,12009,4.059426
41490,0,12202,4.038502
41492,0,12202,4.038502
41521,0,12202,4.038502
41532,0,12202,4.038502
41548,0,12202,4.038502
41563,0,12202,4.038502
41578,0,12202,4.038502
41594,0,12202,4.038502
41609,0,12202,4.038502
41623,0,12202,4.038502
41640,0,12202,4.038502
41655,0,12202,4.038502
41693,0,12397,4.080351
41704,0,12397,4.080351
41719,0,12397,4.080351
41740,0,12397,4.080351
41751,0,12397,4.080351
41767,0,12397,4.080351
41783,0,12397,4.080351
41798,0,12397,4.080351
41813,0,12397,4.080351
41824,0,12397,4.080351
41849,0,12397,4.080351
41887,0,12596,4.164051
41890,0,12596,4.164051
41906,0,12596,4.164051
41921,0,12596,4.164051
41937,0,12596,4.164051
41957,0,12596,4.164051
41967,0,12596,4.164051
41982,0,12596,4.164051
41997,0,12596,4.164051
42013,0,12596,4.164051
42029,0,12596,4.164051
42041,0,12596,4.164051
42064,0,12596,4.164051
42100,0,12804,4.352375
42105,0,12804,4.352375
42120,0,12804,4.352375
42135,0,12804,4.352375
42151,0,12804,4.352375
42172,0,12804,4.352375
42182,0,12804,4.352375
42197,0,12804,4.352375
42212,0,12804,4.352375
42229,0,12804,4.352375
42244,0,12804,4.352375
42260,0,12804,4.352375
42301,0,13013,4.3733
42308,0,13013,4.3733
42324,0,13013,4.3733
42339,0,13013,4.3733
42355,0,13013,4.3733
42370,0,13013,4.3733
42390,0,13013,4.3733
42402,0,13013,4.3733
42418,0,13013,4.3733
42434,0,13013,4.3733
42449,0,13013,4.3733
42487,0,13222,4.3733
42500,0,13222,4.3733
42512,0,13222,4.3733
42527,0,13222,4.3733
42543,0,13222,4.3733
42559,0,13222,4.3733
42575,0,13222,4.3733
42592,0,13222,4.3733
42610,0,13222,4.3733
42621,0,13222,4.3733
42636,0,13222,4.3733
42652,0,13222,4.3733
42667,0,13222,4.3733
42707,0,13435,4.456999
42717,0,13435,4.456999
42728,0,13435,4.456999
42744,0,13435,4.456999
42760,0,13435,4.456999
42775,0,13435,4.456999
42791,0,13435,4.456999
42806,0,13435,4.456999
42825,0,13435,4.456999
42839,0,13435,4.456999
42852,0,13435,4.456999
42868,0,13435,4.456999
42906,0,13649,4.477924
42914,0,13649,4.477924
42936,0,13649,4.477924
42945,0,13649,4.477924
42962,0,13649,4.477924
42981,0,13649,4.477924
42992,0,13649,4.477924
43008,0,13649,4.477924
43023,0,13649,4.477924
43043,0,13649,4.477924
43055,0,13649,4.477924
43095,0,13867,4.561624
43102,0,13867,4.561624
43117,0,13867,4.561624
43133,0,13867,4.561624
43153,0,13867,4.561624
43180,0,13867,4.561624
43196,0,13867,4.561624
43211,0,13867,4.561624
43243,0,13867,4.561624
43279,0,13867,4.561624
43318,0,14088,4.624398
43334,0,14088,4.624398
43349,0,14088,4.624398
43365,0,14088,4.624398
43387,0,14088,4.624398
43397,0,14088,4.624398
43412,0,14088,4.624398
43428,0,14088,4.624398
43444,0,14088,4.624398
43445,0,14088,4.624398
43475,0,14088,4.624398
43520,0,14314,4.729023
43523,0,14314,4.729023
43538,0,14314,4.729023
43554,0,14314,4.729023
43569,0,14314,4.729023
43585,0,14314,4.729023
43605,0,14314,4.729023
43632,0,14314,4.729023
43647,0,14314,4.729023
43663,0,14314,4.729023
43678,0,14314,4.729023
43718,0,14537,4.666248
43728,0,14537,4.666248
43741,0,14537,4.666248
43750,0,14537,4.666248
43771,0,14537,4.666248
43786,0,14537,4.666248
43802,0,14537,4.666248
43818,0,14537,4.666248
43838,0,14537,4.666248
43848,0,14537,4.666248
43865,0,14537,4.666248
43880,0,14537,4.666248
43920,0,14762,4.708098
43927,0,14762,4.708098
43947,0,14762,4.708098
43953,0,14762,4.708098
43974,0,14762,4.708098
43989,0,14762,4.708098
44005,0,14762,4.708098
44013,0,14762,4.708098
44037,0,14762,4.708098
44058,0,14762,4.708098
44067,0,14762,4.708098
44106,0,14987,4.708098
44113,0,14987,4.708098
44128,0,14987,4.708098
44144,0,14987,4.708098
44165,0,14987,4.708098
44175,0,14987,4.708098
44190,0,14987,4.708098
44206,0,14987,4.708098
44221,0,14987,4.708098
44237,0,14987,4.708098
44252,0,14987,4.708098
44275,0,14987,4.708098
44315,0,15215,4.770873
44329,0,15215,4.770873
44345,0,15215,4.770873
44360,0,15215,4.770873
44380,0,15215,4.770873
44392,0,15215,4.770873
44408,0,15215,4.770873
44424,0,15215,4.770873
44439,0,15215,4.770873
44454,0,15215,4.770873
44470,0,15215,4.770873
44489,0,15215,4.770873
44529,0,15444,4.791797
44531,0,15444,4.791797
44547,0,15444,4.791797
44562,0,15444,4.791797
44578,0,15444,4.791797
44597,0,15444,4.791797
44603,0,15444,4.791797
44624,0,15444,4.791797
44640,0,15444,4.791797
44656,0,15444,4.791797
44671,0,15444,4.791797
44687,0,15444,4.791797
44734,0,15676,4.854572
44734,0,15676,4.854572
44749,0,15676,4.854572
44764,0,15676,4.854572
44780,0,15676,4.854572
44796,0,15676,4.854572
44814,0,15676,4.854572
44822,0,15676,4.854572
44843,0,15676,4.854572
44858,0,15676,4.854572
44873,0,15676,4.854572
44930,0,15911,4.917346
44936,0,15911,4.917346
44952,0,15911,4.917346
44968,0,15911,4.917346
44983,0,15911,4.917346
44999,0,15911,4.917346
45008,0,15911,4.917346
45032,0,15911,4.917346
45044,0,15911,4.917346
45060,0,15911,4.917346
45075,0,15911,4.917346
45096,0,15911,4.917346
45140,0,16146,4.917346
45155,0,16146,4.917346
45170,0,16146,4.917346
45186,0,16146,4.917346
45201,0,16146,4.917346
45217,0,16146,4.917346
45227,0,16146,4.917346
45252,0,16146,4.917346
45264,0,16146,4.917346
45279,0,16146,4.917346
45295,0,16146,4.917346
45334,0,16382,4.938272
45342,0,16382,4.938272
45361,0,16382,4.938272
45372,0,16382,4.938272
45388,0,16382,4.938272
45404,0,16382,4.938272
45419,0,16382,4.938272
45434,0,16382,4.938272
45449,0,16382,4.938272
45467,0,16382,4.938272
45479,0,16382,4.938272
45495,0,16382,4.938272
45534,0,16623,5.042896
45540,0,16623,5.042896
45557,0,16623,5.042896
45576,0,16623,5.042896
45587,0,16623,5.042896
45603,0,16623,5.042896
45618,0,16623,5.042896
45633,0,16623,5.042896
45648,0,16623,5.042896
45665,0,16623,5.042896
45683,0,16623,5.042896
45695,0,16623,5.042896
45711,0,16623,5.042896
45751,0,16866,5.084746
45758,0,16866,5.084746
45774,0,16866,5.084746
45793,0,16866,5.084746
45805,0,16866,5.084746
45820,0,16866,5.084746
45836,0,16866,5.084746
45852,0,16866,5.084746
45868,0,16866,5.084746
45883,0,16866,5.084746
45902,0,16866,5.084746
45943,0,17108,5.063821
45945,0,17108,5.063821
45961,0,17108,5.063821
45977,0,17108,5.063821
45993,0,17108,5.063821
46012,0,17108,5.063821
46024,0,17108,5.063821
46039,0,17108,5.063821
46055,0,17108,5.063821
46071,0,17108,5.063821
46086,0,17108,5.063821
46116,0,17108,5.063821
46160,0,17350,5.063821
46163,0,17350,5.063821
46178,0,17350,5.063821
46193,0,17350,5.063821
46209,0,17350,5.063821
46224,0,17350,5.063821
46242,0,17350,5.063821
46255,0,17350,5.063821
46271,0,17350,5.063821
46286,0,17350,5.063821
46294,0,17350,5.063821
46318,0,17350,5.063821
46359,0,17594,5.10567
46365,0,17594,5.10567
46380,0,17594,5.10567
46395,0,17594,5.10567
46412,0,17594,5.10567
46428,0,17594,5.10567
46443,0,17594,5.10567
46461,0,17594,5.10567
46491,0,17594,5.10567
46505,0,17594,5.10567
46548,0,17839,5.126595
46559,0,17839,5.126595
46587,0,17839,5.126595
46587,0,17839,5.126595
46616,0,17839,5.126595
46632,0,17839,5.126595
46633,0,17839,5.126595
46674,0,17839,5.126595
46694,0,17839,5.126595
46756,0,18093,5.314919
46771,0,18093,5.314919
46791,0,18093,5.314919
46803,0,18093,5.314919
46819,0,18093,5.314919
46835,0,18093,5.314919
46850,0,18093,5.314919
46866,0,18093,5.314919
46882,0,18093,5.314919
46900,0,18093,5.314919
46942,0,18349,5.356769
46959,0,18349,5.356769
46975,0,18349,5.356769
46977,0,18349,5.356769
47015,0,18349,5.356769
47021,0,18349,5.356769
47026,0,18349,5.356769
47052,0,18349,5.356769
47067,0,18349,5.356769
47082,0,18349,5.356769
47098,0,18349,5.356769
47118,0,18349,5.356769
47163,0,18606,5.377694
47176,0,18606,5.377694
47191,0,18606,5.377694
47207,0,18606,5.377694
47228,0,18606,5.377694
47237,0,18606,5.377694
47253,0,18606,5.377694
47268,0,18606,5.377694
47284,0,18606,5.377694
47300,0,18606,5.377694
47315,0,18606,5.377694
47361,0,18864,5.398619
47363,0,18864,5.398619
47379,0,18864,5.398619
47395,0,18864,5.398619
47411,0,18864,5.398619
47426,0,18864,5.398619
47447,0,18864,5.398619
47457,0,18864,5.398619
47472,0,18864,5.398619
47488,0,18864,5.398619
47492,0,18864,5.398619
47518,0,18864,5.398619
47564,0,19123,5.419544
47579,0,19123,5.419544
47595,0,19123,5.419544
47611,0,19123,5.419544
47627,0,19123,5.419544
47642,0,19123,5.419544
47662,0,19123,5.419544
47673,0,19123,5.419544
47689,0,19123,5.419544
47704,0,19123,5.419544
47720,0,19123,5.419544
47762,0,19385,5.482318
47770,0,19385,5.482318
47781,0,19385,5.482318
47796,0,19385,5.482318
47812,0,19385,5.482318
47828,0,19385,5.482318
47844,0,19385,5.482318
47859,0,19385,5.482318
47880,0,19385,5.482318
47890,0,19385,5.482318
47905,0,19385,5.482318
47921,0,19385,5.482318
47937,0,19385,5.482318
47983,0,19647,5.482318
47987,0,19647,5.482318
47999,0,19647,5.482318
48015,0,19647,5.482318
48025,0,19647,5.482318
48047,0,19647,5.482318
48054,0,19647,5.482318
48079,0,19647,5.482318
48097,0,19647,5.482318
48109,0,19647,5.482318
48125,0,19647,5.482318
48170,0,19911,5.524168
48171,0,19911,5.524168
48187,0,19911,5.524168
48207,0,19911,5.524168
48219,0,19911,5.524168
48228,0,19911,5.524168
48251,0,19911,5.524168
48266,0,19911,5.524168
48282,0,19911,5.524168
48296,0,19911,5.524168
48317,0,19911,5.524168
48327,0,19911,5.524168
48373,0,20177,5.566018
48374,0,20177,5.566018
48389,0,20177,5.566018
48405,0,20177,5.566018
48426,0,20177,5.566018
48437,0,20177,5.566018
48448,0,20177,5.566018
48468,0,20177,5.566018
48483,0,20177,5.566018
48499,0,20177,5.566018
48514,0,20177,5.566018
48534,0,20177,5.566018
48578,0,20443,5.566018
48592,0,20443,5.566018
48607,0,20443,5.566018
48623,0,20443,5.566018
48645,0,20443,5.566018
48655,0,20443,5.566018
48671,0,20443,5.566018
48686,0,20443,5.566018
48701,0,20443,5.566018
48716,0,20443,5.566018
48731,0,20443,5.566018
48779,0,20712,5.628792
48780,0,20712,5.628792
48796,0,20712,5.628792
48812,0,20712,5.628792
48828,0,20712,5.628792
48844,0,20712,5.628792
48864,0,20712,5.628792
48875,0,20712,5.628792
48891,0,20712,5.628792
48907,0,20712,5.628792
48923,0,20712,5.628792
48938,0,20712,5.628792
48982,0,20983,5.670642
48986,0,20983,5.670642
48999,0,20983,5.670642
49015,0,20983,5.670642
49030,0,20983,5.670642
49046,0,20983,5.670642
49061,0,20983,5.670642
49082,0,20983,5.670642
49091,0,20983,5.670642
49106,0,20983,5.670642
49122,0,20983,5.670642
49137,0,20983,5.670642
49153,0,20983,5.670642
49197,0,21258,5.754342
49204,0,21258,5.754342
49213,0,21258,5.754342
49229,0,21258,5.754342
49244,0,21258,5.754342
49260,0,21258,5.754342
49276,0,21258,5.754342
49297,0,21258,5.754342
49308,0,21258,5.754342
49323,0,21258,5.754342
49339,0,21258,5.754342
49383,0,21534,5.775267
49384,0,21534,5.775267
49404,0,21534,5.775267
49415,0,21534,5.775267
49433,0,21534,5.775267
49446,0,21534,5.775267
49462,0,21534,5.775267
49478,0,21534,5.775267
49494,0,21534,5.775267
49514,0,21534,5.775267
49524,0,21534,5.775267
49540,0,21534,5.775267
49583,0,21810,5.775267
49587,0,21810,5.775267
49603,0,21810,5.775267
49623,0,21810,5.775267
49634,0,21810,5.775267
49650,0,21810,5.775267
49666,0,21810,5.775267
49681,0,21810,5.775267
49697,0,21810,5.775267
49713,0,21810,5.775267
49732,0,21810,5.775267
49774,0,22086,5.775267
49776,0,22086,5.775267
49791,0,22086,5.775267
49807,0,22086,5.775267
49822,0,22086,5.775267
49843,0,22086,5.775267
49852,0,22086,5.775267
49868,0,22086,5.775267
49883,0,22086,5.775267
49898,0,22086,5.775267
49930,0,22086,5.775267
49948,0,22086,5.775267
49993,0,22363,5.796192
50006,0,22363,5.796192
50008,0,22363,5.796192
50038,0,22363,5.796192
50053,0,22363,5.796192
50065,0,22363,5.796192
50085,0,22363,5.796192
50099,0,22363,5.796192
50115,0,22363,5.796192
50132,0,22363,5.796192
50147,0,22363,5.796192
50197,0,22643,5.858966
50225,0,22643,5.858966
50241,0,22643,5.858966
50256,0,22643,5.858966
50271,0,22643,5.858966
50292,0,22643,5.858966
50302,0,22643,5.858966
50317,0,22643,5.858966
50332,0,22643,5.858966
50348,0,22643,5.858966
50394,0,22922,5.838042
50411,0,22922,5.838042
50426,0,22922,5.838042
50442,0,22922,5.838042
50457,0,22922,5.838042
50473,0,22922,5.838042
50488,0,22922,5.838042
50510,0,22922,5.838042
50521,0,22922,5.838042
50524,0,22922,5.838042
50551,0,22922,5.838042
50599,0,23202,5.858966
50618,0,23202,5.858966
50628,0,23202,5.858966
50646,0,23202,5.858966
50659,0,23202,5.858966
50675,0,23202,5.858966
50690,0,23202,5.858966
50706,0,23202,5.858966
50729,0,23202,5.858966
50737,0,23202,5.858966
50753,0,23202,5.858966
50769,0,23202,5.858966
50815,0,23481,5.838042
50816,0,23481,5.838042
50836,0,23481,5.838042
50846,0,23481,5.838042
50862,0,23481,5.838042
50877,0,23481,5.838042
50893,0,23481,5.838042
50909,0,23481,5.838042
50924,0,23481,5.838042
50944,0,23481,5.838042
50956,0,23481,5.838042
51001,0,23761,5.858966
51017,0,23761,5.858966
51033,0,23761,5.858966
51055,0,23761,5.858966
51064,0,23761,5.858966
51082,0,23761,5.858966
51086,0,23761,5.858966
51110,0,23761,5.858966
51125,0,23761,5.858966
51140,0,23761,5.858966
51159,0,23761,5.858966
51204,0,24042,5.879891
51217,0,24042,5.879891
51227,0,24042,5.879891
51246,0,24042,5.879891
51269,0,24042,5.879891
51278,0,24042,5.879891
51294,0,24042,5.879891
51310,0,24042,5.879891
51326,0,24042,5.879891
51341,0,24042,5.879891
51357,0,24042,5.879891
51376,0,24042,5.879891
51420,0,24322,5.858966
51420,0,24322,5.858966
51430,0,24322,5.858966
51452,0,24322,5.858966
51467,0,24322,5.858966
51489,0,24322,5.858966
51498,0,24322,5.858966
51515,0,24322,5.858966
51529,0,24322,5.858966
51544,0,24322,5.858966
51559,0,24322,5.858966
51605,0,24602,5.858966
51608,0,24602,5.858966
51622,0,24602,5.858966
51638,0,24602,5.858966
51650,0,24602,5.858966
51669,0,24602,5.858966
51685,0,24602,5.858966
51705,0,24602,5.858966
51716,0,24602,5.858966
51731,0,24602,5.858966
51746,0,24602,5.858966
51762,0,24602,5.858966
51776,0,24602,5.858966
51822,0,24882,5.858966
51825,0,24882,5.858966
51837,0,24882,5.858966
51853,0,24882,5.858966
51869,0,24882,5.858966
51884,0,24882,5.858966
51900,0,24882,5.858966
51922,0,24882,5.858966
51930,0,24882,5.858966
51946,0,24882,5.858966
51961,0,24882,5.858966
52012,0,25162,5.858966
52029,0,25162,5.858966
52054,0,25162,5.858966
52069,0,25162,5.858966
52074,0,25162,5.858966
52092,0,25162,5.858966
52115,0,25162,5.858966
52131,0,25162,5.858966
52149,0,25162,5.858966
52161,0,25162,5.858966
52177,0,25162,5.858966
52227,0,25442,5.858966
52240,0,25442,5.858966
52259,0,25442,5.858966
52270,0,25442,5.858966
52287,0,25442,5.858966
52296,0,25442,5.858966
52318,0,25442,5.858966
52333,0,25442,5.858966
52349,0,25442,5.858966
52368,0,25442,5.858966
52380,0,25442,5.858966
52430,0,25721,5.838042
52443,0,25721,5.838042
52459,0,25721,5.838042
52481,0,25721,5.838042
52490,0,25721,5.838042
52505,0,25721,5.838042
52520,0,25721,5.838042
52537,0,25721,5.838042
52539,0,25721,5.838042
52566,0,25721,5.838042
52618,0,26000,5.838042
52629,0,26000,5.838042
52644,0,26000,5.838042
52660,0,26000,5.838042
52676,0,26000,5.838042
52698,0,26000,5.838042
52706,0,26000,5.838042
52722,0,26000,5.838042
52738,0,26000,5.838042
52754,0,26000,5.838042
52769,0,26000,5.838042
52784,0,26000,5.838042
52838,0,26278,5.817116
52847,0,26278,5.817116
52861,0,26278,5.817116
52876,0,26278,5.817116
52891,0,26278,5.817116
52911,0,26278,5.817116
52923,0,26278,5.817116
52934,0,26278,5.817116
52954,0,26278,5.817116
52969,0,26278,5.817116
52985,0,26278,5.817116
53033,0,26555,5.796192
53047,0,26555,5.796192
53062,0,26555,5.796192
53079,0,26555,5.796192
53094,0,26555,5.796192
53102,0,26555,5.796192
53132,0,26555,5.796192
53140,0,26555,5.796192
53157,0,26555,5.796192
53172,0,26555,5.796192
53187,0,26555,5.796192
53235,0,26831,5.775267
53249,0,26831,5.775267
53264,0,26831,5.775267
53280,0,26831,5.775267
53296,0,26831,5.775267
53312,0,26831,5.775267
53328,0,26831,5.775267
53349,0,26831,5.775267
53359,0,26831,5.775267
53375,0,26831,5.775267
53390,0,26831,5.775267
53437,0,27104,5.712492
53456,0,27104,5.712492
53467,0,27104,5.712492
53483,0,27104,5.712492
53499,0,27104,5.712492
53515,0,27104,5.712492
53531,0,27104,5.712492
53546,0,27104,5.712492
53566,0,27104,5.712492
53577,0,27104,5.712492
53587,0,27104,5.712492
53608,0,27104,5.712492
53654,0,27377,5.712492
53654,0,27377,5.712492
53673,0,27377,5.712492
53686,0,27377,5.712492
53703,0,27377,5.712492
53718,0,27377,5.712492
53735,0,27377,5.712492
53750,0,27377,5.712492
53765,0,27377,5.712492
53838,0,27648,5.670642
53841,0,27648,5.670642
53857,0,27648,5.670642
53873,0,27648,5.670642
53895,0,27648,5.670642
53904,0,27648,5.670642
53919,0,27648,5.670642
53935,0,27648,5.670642
53951,0,27648,5.670642
53966,0,27648,5.670642
53981,0,27648,5.670642
54003,0,27648,5.670642
54051,0,27917,5.628792
54060,0,27917,5.628792
54075,0,27917,5.628792
54092,0,27917,5.628792
54107,0,27917,5.628792
54123,0,27917,5.628792
54139,0,27917,5.628792
54154,0,27917,5.628792
54170,0,27917,5.628792
54185,0,27917,5.628792
54201,0,27917,5.628792
54255,0,28184,5.586943
54264,0,28184,5.586943
54279,0,28184,5.586943
54295,0,28184,5.586943
54311,0,28184,5.586943
54330,0,28184,5.586943
54341,0,28184,5.586943
54357,0,28184,5.586943
54372,0,28184,5.586943
54387,0,28184,5.586943
54404,0,28184,5.586943
54456,0,28448,5.524168
54465,0,28448,5.524168
54481,0,28448,5.524168
54496,0,28448,5.524168
54511,0,28448,5.524168
54527,0,28448,5.524168
54547,0,28448,5.524168
54558,0,28448,5.524168
54574,0,28448,5.524168
54589,0,28448,5.524168
54601,0,28448,5.524168
54648,0,28707,5.419544
54656,0,28707,5.419544
54667,0,28707,5.419544
54682,0,28707,5.419544
54698,0,28707,5.419544
54714,0,28707,5.419544
54729,0,28707,5.419544
54745,0,28707,5.419544
54764,0,28707,5.419544
54776,0,28707,5.419544
54792,0,28707,5.419544
54840,0,28962,5.335845
54856,0,28962,5.335845
54876,0,28962,5.335845
54888,0,28962,5.335845
54904,0,28962,5.335845
54919,0,28962,5.335845
54934,0,28962,5.335845
54950,0,28962,5.335845
54966,0,28962,5.335845
54983,0,28962,5.335845
54996,0,28962,5.335845
55013,0,28962,5.335845
55061,0,29207,5.126595
55075,0,29207,5.126595
55096,0,29207,5.126595
55105,0,29207,5.126595
55120,0,29207,5.126595
55136,0,29207,5.126595
55151,0,29207,5.126595
55167,0,29207,5.126595
55182,0,29207,5.126595
55202,0,29207,5.126595
55213,0,29207,5.126595
55262,0,29441,4.896422
55276,0,29441,4.896422
55291,0,29441,4.896422
55315,0,29441,4.896422
55323,0,29441,4.896422
55339,0,29441,4.896422
55354,0,29441,4.896422
55370,0,29441,4.896422
55385,0,29441,4.896422
55401,0,29441,4.896422
55452,0,29671,4.812722
55465,0,29671,4.812722
55480,0,29671,4.812722
55496,0,29671,4.812722
55511,0,29671,4.812722
55531,0,29671,4.812722
55542,0,29671,4.812722
55557,0,29671,4.812722
55573,0,29671,4.812722
55589,0,29671,4.812722
55604,0,29671,4.812722
55619,0,29671,4.812722
55671,0,29897,4.729023
55682,0,29897,4.729023
55697,0,29897,4.729023
55712,0,29897,4.729023
55729,0,29897,4.729023
55749,0,29897,4.729023
55759,0,29897,4.729023
55775,0,29897,4.729023
55790,0,29897,4.729023
55805,0,29897,4.729023
55821,0,29897,4.729023
55872,0,30115,4.561624
55883,0,30115,4.561624
55913,0,30115,4.561624
55929,0,30115,4.561624
55944,0,30115,4.561624
55960,0,30115,4.561624
55979,0,30115,4.561624
55990,0,30115,4.561624
56006,0,30115,4.561624
56022,0,30115,4.561624
56073,0,30328,4.456999
56089,0,30328,4.456999
56091,0,30328,4.456999
56105,0,30328,4.456999
56131,0,30328,4.456999
56146,0,30328,4.456999
56161,0,30328,4.456999
56176,0,30328,4.456999
56197,0,30328,4.456999
56207,0,30328,4.456999
56223,0,30328,4.456999
56273,0,30538,4.394225
56284,0,30538,4.394225
56304,0,30538,4.394225
56309,0,30538,4.394225
56331,0,30538,4.394225
56347,0,30538,4.394225
56362,0,30538,4.394225
56377,0,30538,4.394225
56394,0,30538,4.394225
56414,0,30538,4.394225
56425,0,30538,4.394225
56475,0,30734,4.101276
56487,0,30734,4.101276
56503,0,30734,4.101276
56517,0,30734,4.101276
56535,0,30734,4.101276
56551,0,30734,4.101276
56566,0,30734,4.101276
56570,0,30734,4.101276
56599,0,30734,4.101276
56615,0,30734,4.101276
56669,0,30927,4.038502
56678,0,30927,4.038502
56692,0,30927,4.038502
56708,0,30927,4.038502
56722,0,30927,4.038502
56748,0,30927,4.038502
56755,0,30927,4.038502
56771,0,30927,4.038502
56786,0,30927,4.038502
56802,0,30927,4.038502
56819,0,30927,4.038502
56833,0,30927,4.038502
56888,0,31117,3.975727
56896,0,31117,3.975727
56911,0,31117,3.975727
56926,0,31117,3.975727
56943,0,31117,3.975727
56962,0,31117,3.975727
56973,0,31117,3.975727
56989,0,31117,3.975727
57004,0,31117,3.975727
57020,0,31117,3.975727
57035,0,31117,3.975727
57090,0,31306,3.954802
57097,0,31306,3.954802
57113,0,31306,3.954802
57128,0,31306,3.954802
57144,0,31306,3.954802
57150,0,31306,3.954802
57180,0,31306,3.954802
57192,0,31306,3.954802
57207,0,31306,3.954802
57222,0,31306,3.954802
57238,0,31306,3.954802
57290,0,31496,3.975727
57300,0,31496,3.975727
57315,0,31496,3.975727
57331,0,31496,3.975727
57346,0,31496,3.975727
57361,0,31496,3.975727
57376,0,31496,3.975727
57396,0,31496,3.975727
57408,0,31496,3.975727
57423,0,31496,3.975727
57438,0,31496,3.975727
57491,0,31686,3.975727
57503,0,31686,3.975727
57516,0,31686,3.975727
57531,0,31686,3.975727
57546,0,31686,3.975727
57561,0,31686,3.975727
57577,0,31686,3.975727
57592,0,31686,3.975727
57611,0,31686,3.975727
57623,0,31686,3.975727
57639,0,31686,3.975727
57690,0,31877,3.996652
57700,0,31877,3.996652
57720,0,31877,3.996652
57732,0,31877,3.996652
57747,0,31877,3.996652
57763,0,31877,3.996652
57778,0,31877,3.996652
57793,0,31877,3.996652
57809,0,31877,3.996652
57830,0,31877,3.996652
57840,0,31877,3.996652
57891,0,32069,4.017577
57902,0,32069,4.017577
57917,0,32069,4.017577
57939,0,32069,4.017577
57948,0,32069,4.017577
57964,0,32069,4.017577
57979,0,32069,4.017577
57994,0,32069,4.017577
58010,0,32069,4.017577
58025,0,32069,4.017577
58045,0,32069,4.017577
58098,0,32263,4.059426
58102,0,32263,4.059426
58117,0,32263,4.059426
58133,0,32263,4.059426
58153,0,32263,4.059426
58165,0,32263,4.059426
58180,0,32263,4.059426
58195,0,32263,4.059426
58211,0,32263,4.059426
58227,0,32263,4.059426
58243,0,32263,4.059426
58298,0,32457,4.059426
58307,0,32457,4.059426
58322,0,32457,4.059426
58338,0,32457,4.059426
58353,0,32457,4.059426
58374,0,32457,4.059426
58385,0,32457,4.059426
58401,0,32457,4.059426
58416,0,32457,4.059426
58432,0,32457,4.059426
58448,0,32457,4.059426
58499,0,32651,4.059426
58509,0,32651,4.059426
58524,0,32651,4.059426
58540,0,32651,4.059426
58556,0,32651,4.059426
58572,0,32651,4.059426
58592,0,32651,4.059426
58604,0,32651,4.059426
58619,0,32651,4.059426
58635,0,32651,4.059426
58650,0,32651,4.059426
58703,0,32847,4.101276
58713,0,32847,4.101276
58728,0,32847,4.101276
58744,0,32847,4.101276
58759,0,32847,4.101276
58776,0,32847,4.101276
58791,0,32847,4.101276
58810,0,32847,4.101276
58823,0,32847,4.101276
58838,0,32847,4.101276
58853,0,32847,4.101276
58905,0,33044,4.122201
58920,0,33044,4.122201
58931,0,33044,4.122201
58946,0,33044,4.122201
58962,0,33044,4.122201
58978,0,33044,4.122201
58993,0,33044,4.122201
59009,0,33044,4.122201
59026,0,33044,4.122201
59039,0,33044,4.122201
59055,0,33044,4.122201
59106,0,33242,4.143126
59117,0,33242,4.143126
59137,0,33242,4.143126
59148,0,33242,4.143126
59164,0,33242,4.143126
59179,0,33242,4.143126
59195,0,33242,4.143126
59211,0,33242,4.143126
59241,0,33242,4.143126
59262,0,33242,4.143126
59313,0,33440,4.143126
59334,0,33440,4.143126
59350,0,33440,4.143126
59375,0,33440,4.143126
59381,0,33440,4.143126
59397,0,33440,4.143126
59413,0,33440,4.143126
59428,0,33440,4.143126
59444,0,33440,4.143126
59454,0,33440,4.143126
59508,0,33638,4.143126
59521,0,33638,4.143126
59538,0,33638,4.143126
59553,0,33638,4.143126
59569,0,33638,4.143126
59590,0,33638,4.143126
59616,0,33638,4.143126
59633,0,33638,4.143126
59637,0,33638,4.143126
59655,0,33638,4.143126
59679,0,33638,4.143126
59736,0,33838,4.184976
59757,0,33838,4.184976
59773,0,33838,4.184976
59811,0,33838,4.184976
59819,0,33838,4.184976
59835,0,33838,4.184976
59850,0,33838,4.184976
59860,0,33838,4.184976
59881,0,33838,4.184976
59934,0,34039,4.205901
59945,0,34039,4.205901
59961,0,34039,4.205901
59976,0,34039,4.205901
59993,0,34039,4.205901
60012,0,34039,4.205901
60023,0,34039,4.205901
60053,0,34039,4.205901
60069,0,34039,4.205901
60124,0,34239,4.184976
60135,0,34239,4.184976
60147,0,34239,4.184976
60149,0,34239,4.184976
60178,0,34239,4.184976
60194,0,34239,4.184976
60210,0,34239,4.184976
60224,0,34239,4.184976
60247,0,34239,4.184976
60255,0,34239,4.184976
60270,0,34239,4.184976
60325,0,34439,4.184976
60333,0,34439,4.184976
60352,0,34439,4.184976
60364,0,34439,4.184976
60379,0,34439,4.184976
60395,0,34439,4.184976
60411,0,34439,4.184976
60426,0,34439,4.184976
60442,0,34439,4.184976
60461,0,34439,4.184976
60517,0,34640,4.205901
60534,0,34640,4.205901
60549,0,34640,4.205901
60574,0,34640,4.205901
60580,0,34640,4.205901
60595,0,34640,4.205901
60611,0,34640,4.205901
60627,0,34640,4.205901
60642,0,34640,4.205901
60658,0,34640,4.205901
60668,0,34640,4.205901
60721,0,34840,4.184976
60722,0,34840,4.184976
60737,0,34840,4.184976
60752,0,34840,4.184976
60768,0,34840,4.184976
60790,0,34840,4.184976
60799,0,34840,4.184976
60814,0,34840,4.184976
60830,0,34840,4.184976
60846,0,34840,4.184976
60862,0,34840,4.184976
60878,0,34840,4.184976
60940,0,35040,4.184976
60940,0,35040,4.184976
60955,0,35040,4.184976
60971,0,35040,4.184976
60987,0,35040,4.184976
61008,0,35040,4.184976
61018,0,35040,4.184976
61033,0,35040,4.184976
61048,0,35040,4.184976
61065,0,35040,4.184976
61137,0,35241,4.205901
61142,0,35241,4.205901
61159,0,35241,4.205901
61166,0,35241,4.205901
61190,0,35241,4.205901
61205,0,35241,4.205901
61226,0,35241,4.205901
61236,0,35241,4.205901
61252,0,35241,4.205901
61267,0,35241,4.205901
61282,0,35241,4.205901
61340,0,35441,4.184976
61347,0,35441,4.184976
61362,0,35441,4.184976
61377,0,35441,4.184976
61388,0,35441,4.184976
61402,0,35441,4.184976
61415,0,35441,4.184976
61438,0,35441,4.184976
61448,0,35441,4.184976
61469,0,35441,4.184976
61480,0,35441,4.184976
61499,0,35441,4.184976
61554,0,35641,4.184976
61563,0,35641,4.184976
61572,0,35641,4.184976
61595,0,35641,4.184976
61611,0,35641,4.184976
61618,0,35641,4.184976
61641,0,35641,4.184976
61661,0,35641,4.184976
61664,0,35641,4.184976
61687,0,35641,4.184976
61745,0,35842,4.205901
61750,0,35842,4.205901
61772,0,35842,4.205901
61782,0,35842,4.205901
61798,0,35842,4.205901
61813,0,35842,4.205901
61829,0,35842,4.205901
61844,0,35842,4.205901
61860,0,35842,4.205901
61881,0,35842,4.205901
61891,0,35842,4.205901
61947,0,36042,4.184976
61948,0,36042,4.184976
61969,0,36042,4.184976
61990,0,36042,4.184976
62000,0,36042,4.184976
62016,0,36042,4.184976
62027,0,36042,4.184976
62047,0,36042,4.184976
62062,0,36042,4.184976
62077,0,36042,4.184976
62096,0,36042,4.184976
62151,0,36242,4.184976
62156,0,36242,4.184976
62172,0,36242,4.184976
62188,0,36242,4.184976
62208,0,36242,4.184976
62219,0,36242,4.184976
62234,0,36242,4.184976
62248,0,36242,4.184976
62265,0,36242,4.184976
62281,0,36242,4.184976
62293,0,36242,4.184976
62351,0,36442,4.184976
62358,0,36442,4.184976
62369,0,36442,4.184976
62390,0,36442,4.184976
62406,0,36442,4.184976
62428,0,36442,4.184976
62436,0,36442,4.184976
62451,0,36442,4.184976
62466,0,36442,4.184976
62482,0,36442,4.184976
62498,0,36442,4.184976
62558,0,36643,4.205901
62573,0,36643,4.205901
62594,0,36643,4.205901
62604,0,36643,4.205901
62619,0,36643,4.205901
62638,0,36643,4.205901
62652,0,36643,4.205901
62667,0,36643,4.205901
62682,0,36643,4.205901
62697,0,36643,4.205901
62713,0,36643,4.205901
